alert_id,block_height,block_time,rule_id,rule_name,severity,evidence_txids,addresses,address_count,amount_btc,amount_eur,explanation,regulatory_reference
20261009T222824Z-B00001,733459,2022-04-25T08:27:06+00:00,R09_FAN_OUT,Fan-out (many recipients),medium,2b64abffca53ca60e0a0a1485f23e0ed1f7e427342463695141050b215b62ef9,<address redacted>,1,0.31342417,11649.51,"One transaction pays 107 distinct addresses (0.31342417 BTC (11,650 EUR)). Typical of exchange or pool batch payouts, but also of distribution to money mules.","FATF (2020) Red Flag Indicators of ML/TF - Virtual Assets - transactions: patterns; EBA ML/TF Risk Factors Guidelines (EBA/GL/2021/02 as amended by EBA/GL/2024/01), Guideline 21 (CASPs)"
20261009T222824Z-B00002,733459,2022-04-25T08:27:06+00:00,R09_FAN_OUT,Fan-out (many recipients),medium,4acad7d2e2dbd66411a5fe0922e2c74ebf64c4c744eb299d5a3379459845d2a7,<address redacted>,1,1.94252613,72200.78,"One transaction pays 135 distinct addresses (1.94252613 BTC (72,201 EUR)). Typical of exchange or pool batch payouts, but also of distribution to money mules.","FATF (2020) Red Flag Indicators of ML/TF - Virtual Assets - transactions: patterns; EBA ML/TF Risk Factors Guidelines (EBA/GL/2021/02 as amended by EBA/GL/2024/01), Guideline 21 (CASPs)"
20261009T222824Z-B00003,733459,2022-04-25T08:27:06+00:00,R09_FAN_OUT,Fan-out (many recipients),medium,c3a7e8d5c73e798c385b65435fae4fa6feb2fecb0718a19a752c5eb8c519ebd2,<address redacted>,1,1.66935617,62047.46,"One transaction pays 749 distinct addresses (1.66935617 BTC (62,047 EUR)). Typical of exchange or pool batch payouts, but also of distribution to money mules.","FATF (2020) Red Flag Indicators of ML/TF - Virtual Assets - transactions: patterns; EBA ML/TF Risk Factors Guidelines (EBA/GL/2021/02 as amended by EBA/GL/2024/01), Guideline 21 (CASPs)"
20261009T222824Z-B00004,733459,2022-04-25T08:27:06+00:00,R09_FAN_OUT,Fan-out (many recipients),medium,a469625762f2706eb1be207c4ea146eeca255c6d2a19b460c4de566d3065925e,<address redacted>,1,0.99983479,37162.36,"One transaction pays 55 distinct addresses (0.99983479 BTC (37,162 EUR)). Typical of exchange or pool batch payouts, but also of distribution to money mules.","FATF (2020) Red Flag Indicators of ML/TF - Virtual Assets - transactions: patterns; EBA ML/TF Risk Factors Guidelines (EBA/GL/2021/02 as amended by EBA/GL/2024/01), Guideline 21 (CASPs)"
20261009T222824Z-B00005,733459,2022-04-25T08:27:06+00:00,R09_FAN_OUT,Fan-out (many recipients),medium,4acaac007c479b09a981ade6bfa7a984ccd8810e229598926b521b7e4f85d36c,<address redacted>,1,0.32379938,12035.14,"One transaction pays 201 distinct addresses (0.32379938 BTC (12,035 EUR)). Typical of exchange or pool batch payouts, but also of distribution to money mules.","FATF (2020) Red Flag Indicators of ML/TF - Virtual Assets - transactions: patterns; EBA ML/TF Risk Factors Guidelines (EBA/GL/2021/02 as amended by EBA/GL/2024/01), Guideline 21 (CASPs)"
20261009T222824Z-B00006,733459,2022-04-25T08:27:06+00:00,R09_FAN_OUT,Fan-out (many recipients),medium,59a0962e9a842f6a391eadaf7d64288fa9bc05559a5bad10dc288891afac6d22,<address redacted>,1,1.49943460,55731.73,"One transaction pays 201 distinct addresses (1.49943460 BTC (55,732 EUR)). Typical of exchange or pool batch payouts, but also of distribution to money mules.","FATF (2020) Red Flag Indicators of ML/TF - Virtual Assets - transactions: patterns; EBA ML/TF Risk Factors Guidelines (EBA/GL/2021/02 as amended by EBA/GL/2024/01), Guideline 21 (CASPs)"
20261009T222824Z-B00007,733459,2022-04-25T08:27:06+00:00,R14_LARGE_TRANSACTION,Large single transaction,medium,29a38ed21c6efb0605b249109af6fb859ea33c81a9bfdea31d84f477692abe0e,<address redacted>,1,20.28000000,753777.18,"Transfers 20.28000000 BTC (753,777 EUR) (excluding change, address reuse); EUR threshold 100,000.","FATF (2020) Red Flag Indicators of ML/TF - Virtual Assets - transactions: size and frequency; EBA ML/TF Risk Factors Guidelines (EBA/GL/2021/02 as amended by EBA/GL/2024/01), Guideline 21 (CASPs)"
20261009T222824Z-B00008,733459,2022-04-25T08:27:06+00:00,R14_LARGE_TRANSACTION,Large single transaction,medium,850d5060aef993bf38252e4d2468debe62ee0d462f3cb97119daa2fc2da0d81c,<address redacted>,1,6.55860000,243773.32,"Transfers 6.55860000 BTC (243,773 EUR) (excluding change, script type matches inputs); EUR threshold 100,000.","FATF (2020) Red Flag Indicators of ML/TF - Virtual Assets - transactions: size and frequency; EBA ML/TF Risk Factors Guidelines (EBA/GL/2021/02 as amended by EBA/GL/2024/01), Guideline 21 (CASPs)"
20261009T222824Z-B00009,733459,2022-04-25T08:27:06+00:00,R14_LARGE_TRANSACTION,Large single transaction,medium,d94ab09740e328c264bac76491029c8398917df15dde2e5666847cf2f54261bb,<address redacted>;<address redacted>,2,24475.79734329,909728673.55,"Transfers 24475.79734329 BTC (909,728,674 EUR); EUR threshold 100,000.","FATF (2020) Red Flag Indicators of ML/TF - Virtual Assets - transactions: size and frequency; EBA ML/TF Risk Factors Guidelines (EBA/GL/2021/02 as amended by EBA/GL/2024/01), Guideline 21 (CASPs)"
20261009T222824Z-B00010,733459,2022-04-25T08:27:06+00:00,R14_LARGE_TRANSACTION,Large single transaction,medium,7040d95a3105c9ce630f9594d350cb3435085345f600b20280ccd7265306dcfb,<address redacted>;<address redacted>;<address redacted>;<address redacted>;<address redacted>;<address redacted>,6,7.90748013,293909.18,"Transfers 7.90748013 BTC (293,909 EUR); EUR threshold 100,000.","FATF (2020) Red Flag Indicators of ML/TF - Virtual Assets - transactions: size and frequency; EBA ML/TF Risk Factors Guidelines (EBA/GL/2021/02 as amended by EBA/GL/2024/01), Guideline 21 (CASPs)"
20261009T222824Z-B00011,733459,2022-04-25T08:27:06+00:00,R14_LARGE_TRANSACTION,Large single transaction,medium,f9474d10c9b4bb8cfaa095bd3c6b2bd4199ae5e89a1f67857a9d968594c7441a,<address redacted>;<address redacted>;<address redacted>,3,7.97367615,296369.58,"Transfers 7.97367615 BTC (296,370 EUR); EUR threshold 100,000.","FATF (2020) Red Flag Indicators of ML/TF - Virtual Assets - transactions: size and frequency; EBA ML/TF Risk Factors Guidelines (EBA/GL/2021/02 as amended by EBA/GL/2024/01), Guideline 21 (CASPs)"
20261009T222824Z-B00012,733459,2022-04-25T08:27:06+00:00,R14_LARGE_TRANSACTION,Large single transaction,medium,ce5a477c93ab85f8c6907012f00cb3c4e55592bad4e9b96fd17ecf309acf775c,<address redacted>,1,20.86700000,775595.09,"Transfers 20.86700000 BTC (775,595 EUR) (excluding change, address reuse); EUR threshold 100,000.","FATF (2020) Red Flag Indicators of ML/TF - Virtual Assets - transactions: size and frequency; EBA ML/TF Risk Factors Guidelines (EBA/GL/2021/02 as amended by EBA/GL/2024/01), Guideline 21 (CASPs)"
20261009T222824Z-B00013,733459,2022-04-25T08:27:06+00:00,R14_LARGE_TRANSACTION,Large single transaction,medium,eb850f4fb18b5c293a3c7b83401d5ef8e337f509fceee5c3246484b0486f78e8,<address redacted>,1,16.39851610,609508.25,"Transfers 16.39851610 BTC (609,508 EUR); EUR threshold 100,000.","FATF (2020) Red Flag Indicators of ML/TF - Virtual Assets - transactions: size and frequency; EBA ML/TF Risk Factors Guidelines (EBA/GL/2021/02 as amended by EBA/GL/2024/01), Guideline 21 (CASPs)"
20261009T222824Z-B00014,733459,2022-04-25T08:27:06+00:00,R09_FAN_OUT,Fan-out (many recipients),medium,56b07f30c18d644671355568ff9c246fb3662f7beed4e2199c78837b48c1df86,<address redacted>;<address redacted>;<address redacted>;<address redacted>;<address redacted>;<address redacted>;<address redacted>;<address redacted>;<address redacted>;<address redacted>;(+10 more),20,0.06645335,2469.97,"One transaction pays 25 distinct addresses (0.06645335 BTC (2,470 EUR)). Typical of exchange or pool batch payouts, but also of distribution to money mules.","FATF (2020) Red Flag Indicators of ML/TF - Virtual Assets - transactions: patterns; EBA ML/TF Risk Factors Guidelines (EBA/GL/2021/02 as amended by EBA/GL/2024/01), Guideline 21 (CASPs)"
20261009T222824Z-B00015,733459,2022-04-25T08:27:06+00:00,R16_CONSOLIDATION,Consolidation of many small inputs,low,56b07f30c18d644671355568ff9c246fb3662f7beed4e2199c78837b48c1df86,<address redacted>;<address redacted>;<address redacted>;<address redacted>;<address redacted>;<address redacted>;<address redacted>;<address redacted>;<address redacted>;<address redacted>;(+10 more),20,0.06645335,2469.97,"Merges 20 inputs of at most 0.01 BTC from 20 address(es) into 0.06645335 BTC (2,470 EUR).","FATF (2020) Red Flag Indicators of ML/TF - Virtual Assets - transactions: patterns; EBA ML/TF Risk Factors Guidelines (EBA/GL/2021/02 as amended by EBA/GL/2024/01), Guideline 21 (CASPs)"
20261009T222824Z-B00016,733459,2022-04-25T08:27:06+00:00,R09_FAN_OUT,Fan-out (many recipients),medium,aa1cdf49e79b9bd4c27a7b7a583c3c8ce84c6423fe3331d6a7add07df89b1edb,<address redacted>,1,9.99992498,371682.21,"One transaction pays 24 distinct addresses (9.99992498 BTC (371,682 EUR)). Typical of exchange or pool batch payouts, but also of distribution to money mules.","FATF (2020) Red Flag Indicators of ML/TF - Virtual Assets - transactions: patterns; EBA ML/TF Risk Factors Guidelines (EBA/GL/2021/02 as amended by EBA/GL/2024/01), Guideline 21 (CASPs)"
20261009T222824Z-B00017,733459,2022-04-25T08:27:06+00:00,R14_LARGE_TRANSACTION,Large single transaction,medium,aa1cdf49e79b9bd4c27a7b7a583c3c8ce84c6423fe3331d6a7add07df89b1edb,<address redacted>,1,9.99992498,371682.21,"Transfers 9.99992498 BTC (371,682 EUR); EUR threshold 100,000.","FATF (2020) Red Flag Indicators of ML/TF - Virtual Assets - transactions: size and frequency; EBA ML/TF Risk Factors Guidelines (EBA/GL/2021/02 as amended by EBA/GL/2024/01), Guideline 21 (CASPs)"
20261009T222824Z-B00018,733459,2022-04-25T08:27:06+00:00,R09_FAN_OUT,Fan-out (many recipients),medium,a1b1cbf72cbb8da35fef7774144005d6320b31c5e26c7b7dba9e16734b382d98,<address redacted>,1,0.29992780,11147.87,"One transaction pays 20 distinct addresses (0.29992780 BTC (11,148 EUR)). Typical of exchange or pool batch payouts, but also of distribution to money mules.","FATF (2020) Red Flag Indicators of ML/TF - Virtual Assets - transactions: patterns; EBA ML/TF Risk Factors Guidelines (EBA/GL/2021/02 as amended by EBA/GL/2024/01), Guideline 21 (CASPs)"
20261009T222824Z-B00019,733459,2022-04-25T08:27:06+00:00,R14_LARGE_TRANSACTION,Large single transaction,medium,8ddf9fa05da8bfe8d2b454b61992ec31209283a0a0802fb0e554ceb47ca20671,<address redacted>,1,90.37128525,3358965.12,"Transfers 90.37128525 BTC (3,358,965 EUR); EUR threshold 100,000.","FATF (2020) Red Flag Indicators of ML/TF - Virtual Assets - transactions: size and frequency; EBA ML/TF Risk Factors Guidelines (EBA/GL/2021/02 as amended by EBA/GL/2024/01), Guideline 21 (CASPs)"
20261009T222824Z-B00020,733459,2022-04-25T08:27:06+00:00,R14_LARGE_TRANSACTION,Large single transaction,medium,b833de5a71886e0c845aa0b1c70d70da0bb128801b557ea89a7a11f6761db3c0,<address redacted>,1,3363.01292085,124998145.75,"Transfers 3363.01292085 BTC (124,998,146 EUR); EUR threshold 100,000.","FATF (2020) Red Flag Indicators of ML/TF - Virtual Assets - transactions: size and frequency; EBA ML/TF Risk Factors Guidelines (EBA/GL/2021/02 as amended by EBA/GL/2024/01), Guideline 21 (CASPs)"
20261009T222824Z-B00021,733459,2022-04-25T08:27:06+00:00,R01_OFAC_DIRECT,Direct exposure to sanctioned address,severe,c55c68ccfb1bd25e8bd0ad738b7c3bf259fb92e4bfc83714030a4a2a27de568c,12aNKp2iDKuhEde2YfPdd4DFGenRUTKupL,1,0.00161371,59.98,"12aNKp2iDKuhEde2YfPdd4DFGenRUTKupL ([OFAC SDN] sanctioned: Behzad MESRI (SDN uid 24003; programs: CYBER2, HRIT-IR)) sends 0.00161371 BTC (60 EUR) in this transaction.",OFAC SDN list; FATF Recommendation 6 (targeted financial sanctions); FATF (2020) Red Flag Indicators of ML/TF - Virtual Assets - source of funds or wealth
20261009T222824Z-B00022,733459,2022-04-25T08:27:06+00:00,R16_CONSOLIDATION,Consolidation of many small inputs,low,b4e993dadb0ab4286e9b2dd07338a7864912477e50d9b838ac54b22dec88f3ee,<address redacted>;<address redacted>;<address redacted>;<address redacted>;<address redacted>;<address redacted>;<address redacted>;<address redacted>;<address redacted>;<address redacted>;(+20 more),30,0.93079645,34596.31,"Merges 24 inputs of at most 0.01 BTC from 30 address(es) into 0.93079645 BTC (34,596 EUR).","FATF (2020) Red Flag Indicators of ML/TF - Virtual Assets - transactions: patterns; EBA ML/TF Risk Factors Guidelines (EBA/GL/2021/02 as amended by EBA/GL/2024/01), Guideline 21 (CASPs)"
20261009T222824Z-B00023,733459,2022-04-25T08:27:06+00:00,R09_FAN_OUT,Fan-out (many recipients),medium,758763f2ef7676862532898586a10a13fb50b3cc62d171f9a9e08a5a05003221,<address redacted>,1,3.32891577,123730.81,"One transaction pays 33 distinct addresses (3.32891577 BTC (123,731 EUR)). Typical of exchange or pool batch payouts, but also of distribution to money mules.","FATF (2020) Red Flag Indicators of ML/TF - Virtual Assets - transactions: patterns; EBA ML/TF Risk Factors Guidelines (EBA/GL/2021/02 as amended by EBA/GL/2024/01), Guideline 21 (CASPs)"
20261009T222824Z-B00024,733459,2022-04-25T08:27:06+00:00,R14_LARGE_TRANSACTION,Large single transaction,medium,758763f2ef7676862532898586a10a13fb50b3cc62d171f9a9e08a5a05003221,<address redacted>,1,3.31768083,123313.22,"Transfers 3.31768083 BTC (123,313 EUR) (excluding change, address reuse); EUR threshold 100,000.","FATF (2020) Red Flag Indicators of ML/TF - Virtual Assets - transactions: size and frequency; EBA ML/TF Risk Factors Guidelines (EBA/GL/2021/02 as amended by EBA/GL/2024/01), Guideline 21 (CASPs)"
20261009T222824Z-B00025,733459,2022-04-25T08:27:06+00:00,R09_FAN_OUT,Fan-out (many recipients),medium,4aee5598ec3c6a211ab8b936a444c44d881ce2134fb23996563f7b017a7efcbe,<address redacted>,1,0.87086815,32368.86,"One transaction pays 61 distinct addresses (0.87086815 BTC (32,369 EUR)). Typical of exchange or pool batch payouts, but also of distribution to money mules.","FATF (2020) Red Flag Indicators of ML/TF - Virtual Assets - transactions: patterns; EBA ML/TF Risk Factors Guidelines (EBA/GL/2021/02 as amended by EBA/GL/2024/01), Guideline 21 (CASPs)"
20261009T222824Z-B00026,733459,2022-04-25T08:27:06+00:00,R09_FAN_OUT,Fan-out (many recipients),medium,e022a1957af1800a9631e544aab8ee8722c2416bea60edecfef420d778b2c28d,<address redacted>,1,0.97549346,36257.63,"One transaction pays 79 distinct addresses (0.97549346 BTC (36,258 EUR)). Typical of exchange or pool batch payouts, but also of distribution to money mules.","FATF (2020) Red Flag Indicators of ML/TF - Virtual Assets - transactions: patterns; EBA ML/TF Risk Factors Guidelines (EBA/GL/2021/02 as amended by EBA/GL/2024/01), Guideline 21 (CASPs)"
20261009T222824Z-B00027,733459,2022-04-25T08:27:06+00:00,R14_LARGE_TRANSACTION,Large single transaction,medium,a625ff6fe249ca827b65935ac130c25114c23e4c4eea80c96ad760f82077eaa1,<address redacted>,1,7.51520310,279328.83,"Transfers 7.51520310 BTC (279,329 EUR) (excluding change, address reuse); EUR threshold 100,000.","FATF (2020) Red Flag Indicators of ML/TF - Virtual Assets - transactions: size and frequency; EBA ML/TF Risk Factors Guidelines (EBA/GL/2021/02 as amended by EBA/GL/2024/01), Guideline 21 (CASPs)"
20261009T222824Z-B00028,733459,2022-04-25T08:27:06+00:00,R09_FAN_OUT,Fan-out (many recipients),medium,6edadc344dc0a9e8b9d050adc27c06a69207106680e26d299be73cc55b6dcc9c,<address redacted>,1,3.60747902,134084.58,"One transaction pays 35 distinct addresses (3.60747902 BTC (134,085 EUR)). Typical of exchange or pool batch payouts, but also of distribution to money mules.","FATF (2020) Red Flag Indicators of ML/TF - Virtual Assets - transactions: patterns; EBA ML/TF Risk Factors Guidelines (EBA/GL/2021/02 as amended by EBA/GL/2024/01), Guideline 21 (CASPs)"
20261009T222824Z-B00029,733459,2022-04-25T08:27:06+00:00,R14_LARGE_TRANSACTION,Large single transaction,medium,6edadc344dc0a9e8b9d050adc27c06a69207106680e26d299be73cc55b6dcc9c,<address redacted>,1,3.60747902,134084.58,"Transfers 3.60747902 BTC (134,085 EUR); EUR threshold 100,000.","FATF (2020) Red Flag Indicators of ML/TF - Virtual Assets - transactions: size and frequency; EBA ML/TF Risk Factors Guidelines (EBA/GL/2021/02 as amended by EBA/GL/2024/01), Guideline 21 (CASPs)"
20261009T222824Z-B00030,733459,2022-04-25T08:27:06+00:00,R09_FAN_OUT,Fan-out (many recipients),medium,6617d11908ea6db1a6687d594c025a7436f97961706b6f45c8c28b7de1f8e027,<address redacted>,1,0.22981321,8541.81,"One transaction pays 33 distinct addresses (0.22981321 BTC (8,542 EUR)). Typical of exchange or pool batch payouts, but also of distribution to money mules.","FATF (2020) Red Flag Indicators of ML/TF - Virtual Assets - transactions: patterns; EBA ML/TF Risk Factors Guidelines (EBA/GL/2021/02 as amended by EBA/GL/2024/01), Guideline 21 (CASPs)"
20261009T222824Z-B00031,733459,2022-04-25T08:27:06+00:00,R09_FAN_OUT,Fan-out (many recipients),medium,64c1c848fd53f9e3d1adfe3da7fc0b07cf2401273d6603370ec2381035b89c36,<address redacted>,1,0.61511166,22862.78,"One transaction pays 79 distinct addresses (0.61511166 BTC (22,863 EUR)). Typical of exchange or pool batch payouts, but also of distribution to money mules.","FATF (2020) Red Flag Indicators of ML/TF - Virtual Assets - transactions: patterns; EBA ML/TF Risk Factors Guidelines (EBA/GL/2021/02 as amended by EBA/GL/2024/01), Guideline 21 (CASPs)"
20261009T222824Z-B00032,733459,2022-04-25T08:27:06+00:00,R14_LARGE_TRANSACTION,Large single transaction,medium,ac450b4c7a80c705321595ea4ed82127e565988b46e8db35984edd78d007adce,<address redacted>;<address redacted>;<address redacted>;<address redacted>;<address redacted>;<address redacted>;<address redacted>;<address redacted>;<address redacted>;<address redacted>;(+3 more),13,3.03909003,112958.42,"Transfers 3.03909003 BTC (112,958 EUR); EUR threshold 100,000.","FATF (2020) Red Flag Indicators of ML/TF - Virtual Assets - transactions: size and frequency; EBA ML/TF Risk Factors Guidelines (EBA/GL/2021/02 as amended by EBA/GL/2024/01), Guideline 21 (CASPs)"
20261009T222824Z-B00033,733459,2022-04-25T08:27:06+00:00,R14_LARGE_TRANSACTION,Large single transaction,medium,30a728dee88ab072d0e749a2052c669aabe096032ae3bb0432eb6e2922af5eea,<address redacted>;<address redacted>;<address redacted>;<address redacted>;<address redacted>;<address redacted>;<address redacted>;<address redacted>;<address redacted>;<address redacted>;(+4 more),14,3.92823429,146006.58,"Transfers 3.92823429 BTC (146,007 EUR); EUR threshold 100,000.","FATF (2020) Red Flag Indicators of ML/TF - Virtual Assets - transactions: size and frequency; EBA ML/TF Risk Factors Guidelines (EBA/GL/2021/02 as amended by EBA/GL/2024/01), Guideline 21 (CASPs)"
20261009T222824Z-B00034,733459,2022-04-25T08:27:06+00:00,R16_CONSOLIDATION,Consolidation of many small inputs,low,bea6a905120e6587cef0641b0946660a7bcb1862c331bed5d011d8f8321dfd3d,<address redacted>;<address redacted>;<address redacted>;<address redacted>;<address redacted>;<address redacted>;<address redacted>;<address redacted>;<address redacted>;<address redacted>;(+19 more),29,0.87955673,32691.80,"Merges 21 inputs of at most 0.01 BTC from 29 address(es) into 0.87955673 BTC (32,692 EUR).","FATF (2020) Red Flag Indicators of ML/TF - Virtual Assets - transactions: patterns; EBA ML/TF Risk Factors Guidelines (EBA/GL/2021/02 as amended by EBA/GL/2024/01), Guideline 21 (CASPs)"
20261009T222824Z-B00035,733459,2022-04-25T08:27:06+00:00,R16_CONSOLIDATION,Consolidation of many small inputs,low,500910addebbeacb90a66070d23ce3229d7719a7274e1838b5204992ad82ebc9,<address redacted>;<address redacted>;<address redacted>;<address redacted>;<address redacted>;<address redacted>;<address redacted>;<address redacted>;<address redacted>;<address redacted>;(+26 more),36,1.57155643,58412.40,"Merges 25 inputs of at most 0.01 BTC from 36 address(es) into 1.57155643 BTC (58,412 EUR).","FATF (2020) Red Flag Indicators of ML/TF - Virtual Assets - transactions: patterns; EBA ML/TF Risk Factors Guidelines (EBA/GL/2021/02 as amended by EBA/GL/2024/01), Guideline 21 (CASPs)"
20261009T222824Z-B00036,733459,2022-04-25T08:27:06+00:00,R14_LARGE_TRANSACTION,Large single transaction,medium,14f7567679bb68170287f584fc1dbcfb7945a8d93d3a18905cc5d795108cd846,<address redacted>,1,3.06301604,113847.71,"Transfers 3.06301604 BTC (113,848 EUR) (excluding change, address reuse); EUR threshold 100,000.","FATF (2020) Red Flag Indicators of ML/TF - Virtual Assets - transactions: size and frequency; EBA ML/TF Risk Factors Guidelines (EBA/GL/2021/02 as amended by EBA/GL/2024/01), Guideline 21 (CASPs)"
20261009T222824Z-B00037,733459,2022-04-25T08:27:06+00:00,R16_CONSOLIDATION,Consolidation of many small inputs,low,72d3b1cc17e7bc05bbed36ba5d756d01c6c7aaccec73b38ca0ecc907706fda61,<address redacted>;<address redacted>;<address redacted>;<address redacted>;<address redacted>;<address redacted>;<address redacted>;<address redacted>;<address redacted>;<address redacted>;(+27 more),37,2.02859057,75399.67,"Merges 27 inputs of at most 0.01 BTC from 37 address(es) into 2.02859057 BTC (75,400 EUR).","FATF (2020) Red Flag Indicators of ML/TF - Virtual Assets - transactions: patterns; EBA ML/TF Risk Factors Guidelines (EBA/GL/2021/02 as amended by EBA/GL/2024/01), Guideline 21 (CASPs)"
20261009T222824Z-B00038,733459,2022-04-25T08:27:06+00:00,R16_CONSOLIDATION,Consolidation of many small inputs,low,01593d335842faec268adf3895816e4f8507bab6e6024328fea5483484ef3f79,<address redacted>;<address redacted>;<address redacted>;<address redacted>;<address redacted>;<address redacted>;<address redacted>;<address redacted>;<address redacted>;<address redacted>;(+23 more),33,0.91868595,34146.18,"Merges 28 inputs of at most 0.01 BTC from 33 address(es) into 0.91868595 BTC (34,146 EUR).","FATF (2020) Red Flag Indicators of ML/TF - Virtual Assets - transactions: patterns; EBA ML/TF Risk Factors Guidelines (EBA/GL/2021/02 as amended by EBA/GL/2024/01), Guideline 21 (CASPs)"
20261009T222824Z-B00039,733459,2022-04-25T08:27:06+00:00,R16_CONSOLIDATION,Consolidation of many small inputs,low,3e2518c630494f5decb4a76f36560b259a7a45a435dbdbdf1abd9f7e79325ea1,<address redacted>;<address redacted>;<address redacted>;<address redacted>;<address redacted>;<address redacted>;<address redacted>;<address redacted>;<address redacted>;<address redacted>;(+22 more),32,0.48516905,18033.01,"Merges 23 inputs of at most 0.01 BTC from 32 address(es) into 0.48516905 BTC (18,033 EUR).","FATF (2020) Red Flag Indicators of ML/TF - Virtual Assets - transactions: patterns; EBA ML/TF Risk Factors Guidelines (EBA/GL/2021/02 as amended by EBA/GL/2024/01), Guideline 21 (CASPs)"
20261009T222824Z-B00040,733459,2022-04-25T08:27:06+00:00,R14_LARGE_TRANSACTION,Large single transaction,medium,403f82d4a3995cdde6ac9a534c87ef7a299a84e764783f92b5919fa67a5c07b3,<address redacted>;<address redacted>;<address redacted>;<address redacted>;<address redacted>;<address redacted>;<address redacted>;<address redacted>;<address redacted>;<address redacted>;(+27 more),37,4.87149710,181066.24,"Transfers 4.87149710 BTC (181,066 EUR); EUR threshold 100,000.","FATF (2020) Red Flag Indicators of ML/TF - Virtual Assets - transactions: size and frequency; EBA ML/TF Risk Factors Guidelines (EBA/GL/2021/02 as amended by EBA/GL/2024/01), Guideline 21 (CASPs)"
20261009T222824Z-B00041,733459,2022-04-25T08:27:06+00:00,R16_CONSOLIDATION,Consolidation of many small inputs,low,403f82d4a3995cdde6ac9a534c87ef7a299a84e764783f92b5919fa67a5c07b3,<address redacted>;<address redacted>;<address redacted>;<address redacted>;<address redacted>;<address redacted>;<address redacted>;<address redacted>;<address redacted>;<address redacted>;(+27 more),37,4.87149710,181066.24,"Merges 25 inputs of at most 0.01 BTC from 37 address(es) into 4.87149710 BTC (181,066 EUR).","FATF (2020) Red Flag Indicators of ML/TF - Virtual Assets - transactions: patterns; EBA ML/TF Risk Factors Guidelines (EBA/GL/2021/02 as amended by EBA/GL/2024/01), Guideline 21 (CASPs)"
20261009T222824Z-B00042,733459,2022-04-25T08:27:06+00:00,R16_CONSOLIDATION,Consolidation of many small inputs,low,e564b1f719a9f3c8ba9af6f263df6333a67a2a308559a57fb921800563f3cad5,<address redacted>;<address redacted>;<address redacted>;<address redacted>;<address redacted>;<address redacted>;<address redacted>;<address redacted>;<address redacted>;<address redacted>;(+22 more),32,1.94226250,72190.98,"Merges 24 inputs of at most 0.01 BTC from 32 address(es) into 1.94226250 BTC (72,191 EUR).","FATF (2020) Red Flag Indicators of ML/TF - Virtual Assets - transactions: patterns; EBA ML/TF Risk Factors Guidelines (EBA/GL/2021/02 as amended by EBA/GL/2024/01), Guideline 21 (CASPs)"
20261009T222824Z-B00043,733459,2022-04-25T08:27:06+00:00,R16_CONSOLIDATION,Consolidation of many small inputs,low,a616a13a25ee74d5d9cb64217824aed203a8a58b262c8c6148ee62e00ec3b542,<address redacted>;<address redacted>;<address redacted>;<address redacted>;<address redacted>;<address redacted>;<address redacted>;<address redacted>;<address redacted>;<address redacted>;(+169 more),179,0.04354599,1618.54,"Merges 179 inputs of at most 0.01 BTC from 179 address(es) into 0.04354599 BTC (1,619 EUR).","FATF (2020) Red Flag Indicators of ML/TF - Virtual Assets - transactions: patterns; EBA ML/TF Risk Factors Guidelines (EBA/GL/2021/02 as amended by EBA/GL/2024/01), Guideline 21 (CASPs)"
20261009T222824Z-B00044,733459,2022-04-25T08:27:06+00:00,R14_LARGE_TRANSACTION,Large single transaction,medium,ddaed138e66401167934f5723b58a4d4da2e3bdadbf0b7e9fa337e8b4bbed855,<address redacted>;<address redacted>;<address redacted>;<address redacted>;<address redacted>;<address redacted>,6,12.60487091,468504.14,"Transfers 12.60487091 BTC (468,504 EUR); EUR threshold 100,000.","FATF (2020) Red Flag Indicators of ML/TF - Virtual Assets - transactions: size and frequency; EBA ML/TF Risk Factors Guidelines (EBA/GL/2021/02 as amended by EBA/GL/2024/01), Guideline 21 (CASPs)"
20261009T222824Z-B00045,733459,2022-04-25T08:27:06+00:00,R16_CONSOLIDATION,Consolidation of many small inputs,low,dc6970d62b49b384c7249b24bcb0c539a0a6bb2049026c66ed6875e96f6f173a,<address redacted>;<address redacted>;<address redacted>;<address redacted>;<address redacted>;<address redacted>;<address redacted>;<address redacted>;<address redacted>;<address redacted>;(+20 more),30,1.97055920,73242.73,"Merges 26 inputs of at most 0.01 BTC from 30 address(es) into 1.97055920 BTC (73,243 EUR).","FATF (2020) Red Flag Indicators of ML/TF - Virtual Assets - transactions: patterns; EBA ML/TF Risk Factors Guidelines (EBA/GL/2021/02 as amended by EBA/GL/2024/01), Guideline 21 (CASPs)"
20261009T222824Z-B00046,733459,2022-04-25T08:27:06+00:00,R14_LARGE_TRANSACTION,Large single transaction,medium,02de19eadf7044855067ec9ea5650c2e3cabe200bcb016edb53f63699616065a,<address redacted>;<address redacted>;<address redacted>;<address redacted>;<address redacted>;<address redacted>;<address redacted>;<address redacted>;<address redacted>;<address redacted>;(+29 more),39,3.11073297,115621.28,"Transfers 3.11073297 BTC (115,621 EUR); EUR threshold 100,000.","FATF (2020) Red Flag Indicators of ML/TF - Virtual Assets - transactions: size and frequency; EBA ML/TF Risk Factors Guidelines (EBA/GL/2021/02 as amended by EBA/GL/2024/01), Guideline 21 (CASPs)"
20261009T222824Z-B00047,733459,2022-04-25T08:27:06+00:00,R16_CONSOLIDATION,Consolidation of many small inputs,low,02de19eadf7044855067ec9ea5650c2e3cabe200bcb016edb53f63699616065a,<address redacted>;<address redacted>;<address redacted>;<address redacted>;<address redacted>;<address redacted>;<address redacted>;<address redacted>;<address redacted>;<address redacted>;(+29 more),39,3.11073297,115621.28,"Merges 30 inputs of at most 0.01 BTC from 39 address(es) into 3.11073297 BTC (115,621 EUR).","FATF (2020) Red Flag Indicators of ML/TF - Virtual Assets - transactions: patterns; EBA ML/TF Risk Factors Guidelines (EBA/GL/2021/02 as amended by EBA/GL/2024/01), Guideline 21 (CASPs)"
20261009T222824Z-B00048,733459,2022-04-25T08:27:06+00:00,R16_CONSOLIDATION,Consolidation of many small inputs,low,692817241a9efbb7a075a1b582011ecfb68d23d59c9378601a614d603baf8484,<address redacted>;<address redacted>;<address redacted>;<address redacted>;<address redacted>;<address redacted>;<address redacted>;<address redacted>;<address redacted>;<address redacted>;(+27 more),37,0.53525940,19894.79,"Merges 30 inputs of at most 0.01 BTC from 37 address(es) into 0.53525940 BTC (19,895 EUR).","FATF (2020) Red Flag Indicators of ML/TF - Virtual Assets - transactions: patterns; EBA ML/TF Risk Factors Guidelines (EBA/GL/2021/02 as amended by EBA/GL/2024/01), Guideline 21 (CASPs)"
20261009T222824Z-B00049,733459,2022-04-25T08:27:06+00:00,R16_CONSOLIDATION,Consolidation of many small inputs,low,89b0c25e65893312e9eb3f96e744e28e5b1cd8cb13981b63381a65b421cf3997,<address redacted>;<address redacted>;<address redacted>;<address redacted>;<address redacted>;<address redacted>;<address redacted>;<address redacted>;<address redacted>;<address redacted>;(+40 more),50,0.98595779,36646.57,"Merges 43 inputs of at most 0.01 BTC from 50 address(es) into 0.98595779 BTC (36,647 EUR).","FATF (2020) Red Flag Indicators of ML/TF - Virtual Assets - transactions: patterns; EBA ML/TF Risk Factors Guidelines (EBA/GL/2021/02 as amended by EBA/GL/2024/01), Guideline 21 (CASPs)"
20261009T222824Z-B00050,733459,2022-04-25T08:27:06+00:00,R09_FAN_OUT,Fan-out (many recipients),medium,1fdb40036ef620166fcccdfa4c63e94557ac6c9c1e66a48135290884abc9f65a,<address redacted>,1,6.70114553,249071.53,"One transaction pays 31 distinct addresses (6.70114553 BTC (249,072 EUR)). Typical of exchange or pool batch payouts, but also of distribution to money mules.","FATF (2020) Red Flag Indicators of ML/TF - Virtual Assets - transactions: patterns; EBA ML/TF Risk Factors Guidelines (EBA/GL/2021/02 as amended by EBA/GL/2024/01), Guideline 21 (CASPs)"
20261009T222824Z-B00051,733459,2022-04-25T08:27:06+00:00,R14_LARGE_TRANSACTION,Large single transaction,medium,1fdb40036ef620166fcccdfa4c63e94557ac6c9c1e66a48135290884abc9f65a,<address redacted>,1,6.67116760,247957.29,"Transfers 6.67116760 BTC (247,957 EUR) (excluding change, address reuse); EUR threshold 100,000.","FATF (2020) Red Flag Indicators of ML/TF - Virtual Assets - transactions: size and frequency; EBA ML/TF Risk Factors Guidelines (EBA/GL/2021/02 as amended by EBA/GL/2024/01), Guideline 21 (CASPs)"
20261009T222824Z-B00052,733459,2022-04-25T08:27:06+00:00,R14_LARGE_TRANSACTION,Large single transaction,medium,b962f8748dc98da23b3e870cf5d27084206c49c1c2a91e97f72f8ecf1a8ab84f,<address redacted>,1,15.90961873,591336.66,"Transfers 15.90961873 BTC (591,337 EUR); EUR threshold 100,000.","FATF (2020) Red Flag Indicators of ML/TF - Virtual Assets - transactions: size and frequency; EBA ML/TF Risk Factors Guidelines (EBA/GL/2021/02 as amended by EBA/GL/2024/01), Guideline 21 (CASPs)"
20261009T222824Z-B00053,733459,2022-04-25T08:27:06+00:00,R14_LARGE_TRANSACTION,Large single transaction,medium,b2527c1941ab4f4cb724aff7ddc5cadde0e13f228eeadde935985f705a298870,<address redacted>,1,10.00024347,371694.05,"Transfers 10.00024347 BTC (371,694 EUR) (excluding change, non-round amount); EUR threshold 100,000.","FATF (2020) Red Flag Indicators of ML/TF - Virtual Assets - transactions: size and frequency; EBA ML/TF Risk Factors Guidelines (EBA/GL/2021/02 as amended by EBA/GL/2024/01), Guideline 21 (CASPs)"
20261009T222824Z-B00054,733459,2022-04-25T08:27:06+00:00,R14_LARGE_TRANSACTION,Large single transaction,medium,79f9b893dd1486fcee96f1e6a9d08729402935d904786505604024cfce15df4d,<address redacted>,1,5.67933641,211092.42,"Transfers 5.67933641 BTC (211,092 EUR) (excluding change, non-round amount); EUR threshold 100,000.","FATF (2020) Red Flag Indicators of ML/TF - Virtual Assets - transactions: size and frequency; EBA ML/TF Risk Factors Guidelines (EBA/GL/2021/02 as amended by EBA/GL/2024/01), Guideline 21 (CASPs)"
20261009T222824Z-B00055,733459,2022-04-25T08:27:06+00:00,R14_LARGE_TRANSACTION,Large single transaction,medium,45a596f824b91604569a27429044a6cda5439bd16c2f8102ef19223b03a7f79b,<address redacted>,1,5.79192822,215277.28,"Transfers 5.79192822 BTC (215,277 EUR) (excluding change, non-round amount); EUR threshold 100,000.","FATF (2020) Red Flag Indicators of ML/TF - Virtual Assets - transactions: size and frequency; EBA ML/TF Risk Factors Guidelines (EBA/GL/2021/02 as amended by EBA/GL/2024/01), Guideline 21 (CASPs)"
20261009T222824Z-B00056,733459,2022-04-25T08:27:06+00:00,R09_FAN_OUT,Fan-out (many recipients),medium,2aafbb424757d3805352168cf095e29b30c774878d7da4dab504f7e9a8b8e9ab,<address redacted>,1,9.99993429,371682.56,"One transaction pays 21 distinct addresses (9.99993429 BTC (371,683 EUR)). Typical of exchange or pool batch payouts, but also of distribution to money mules.","FATF (2020) Red Flag Indicators of ML/TF - Virtual Assets - transactions: patterns; EBA ML/TF Risk Factors Guidelines (EBA/GL/2021/02 as amended by EBA/GL/2024/01), Guideline 21 (CASPs)"
20261009T222824Z-B00057,733459,2022-04-25T08:27:06+00:00,R14_LARGE_TRANSACTION,Large single transaction,medium,2aafbb424757d3805352168cf095e29b30c774878d7da4dab504f7e9a8b8e9ab,<address redacted>,1,9.99993429,371682.56,"Transfers 9.99993429 BTC (371,683 EUR); EUR threshold 100,000.","FATF (2020) Red Flag Indicators of ML/TF - Virtual Assets - transactions: size and frequency; EBA ML/TF Risk Factors Guidelines (EBA/GL/2021/02 as amended by EBA/GL/2024/01), Guideline 21 (CASPs)"
20261009T222824Z-B00058,733459,2022-04-25T08:27:06+00:00,R14_LARGE_TRANSACTION,Large single transaction,medium,4d19cde86dc84855a04ce24d4e18abc4b5bbc7e2df1a1e144f2984a477bb4905,<address redacted>,1,5.78789013,215127.19,"Transfers 5.78789013 BTC (215,127 EUR) (excluding change, non-round amount); EUR threshold 100,000.","FATF (2020) Red Flag Indicators of ML/TF - Virtual Assets - transactions: size and frequency; EBA ML/TF Risk Factors Guidelines (EBA/GL/2021/02 as amended by EBA/GL/2024/01), Guideline 21 (CASPs)"
20261009T222824Z-B00059,733459,2022-04-25T08:27:06+00:00,R14_LARGE_TRANSACTION,Large single transaction,medium,742998b8eb2296a5b7504ca958bf90efd33b3157e8192d8e03229165c234a2ac,<address redacted>,1,15.90935437,591326.84,"Transfers 15.90935437 BTC (591,327 EUR) (excluding change, non-round amount); EUR threshold 100,000.","FATF (2020) Red Flag Indicators of ML/TF - Virtual Assets - transactions: size and frequency; EBA ML/TF Risk Factors Guidelines (EBA/GL/2021/02 as amended by EBA/GL/2024/01), Guideline 21 (CASPs)"
20261009T222824Z-B00060,733459,2022-04-25T08:27:06+00:00,R09_FAN_OUT,Fan-out (many recipients),medium,fcdafcd0b1c215dbcda73b67a05a0dc30203b720c98c6d58be7a572bec74d20a,<address redacted>,1,0.63630352,23650.45,"One transaction pays 24 distinct addresses (0.63630352 BTC (23,650 EUR)). Typical of exchange or pool batch payouts, but also of distribution to money mules.","FATF (2020) Red Flag Indicators of ML/TF - Virtual Assets - transactions: patterns; EBA ML/TF Risk Factors Guidelines (EBA/GL/2021/02 as amended by EBA/GL/2024/01), Guideline 21 (CASPs)"
20261009T222824Z-B00061,733459,2022-04-25T08:27:06+00:00,R14_LARGE_TRANSACTION,Large single transaction,medium,1afec9ec9f3138ae469ff0198aef2aef9696f8a804246b1bd54f6ab7114ff15d,<address redacted>,1,9.99993916,371682.74,"Transfers 9.99993916 BTC (371,683 EUR); EUR threshold 100,000.","FATF (2020) Red Flag Indicators of ML/TF - Virtual Assets - transactions: size and frequency; EBA ML/TF Risk Factors Guidelines (EBA/GL/2021/02 as amended by EBA/GL/2024/01), Guideline 21 (CASPs)"
20261009T222824Z-B00062,733459,2022-04-25T08:27:06+00:00,R14_LARGE_TRANSACTION,Large single transaction,medium,b9f335c8d4f84c1c6626c2dc69b723b19cb7f57687fb5af8d02c4c7b87491b97,<address redacted>,1,5.34932642,198826.44,"Transfers 5.34932642 BTC (198,826 EUR); EUR threshold 100,000.","FATF (2020) Red Flag Indicators of ML/TF - Virtual Assets - transactions: size and frequency; EBA ML/TF Risk Factors Guidelines (EBA/GL/2021/02 as amended by EBA/GL/2024/01), Guideline 21 (CASPs)"
20261009T222824Z-B00063,733459,2022-04-25T08:27:06+00:00,R14_LARGE_TRANSACTION,Large single transaction,medium,c933b2939e720a71781e0aecb9d14f6793f3b7162926073cd5d5e3fcc70be158,<address redacted>,1,15.90907129,591316.32,"Transfers 15.90907129 BTC (591,316 EUR) (excluding change, non-round amount); EUR threshold 100,000.","FATF (2020) Red Flag Indicators of ML/TF - Virtual Assets - transactions: size and frequency; EBA ML/TF Risk Factors Guidelines (EBA/GL/2021/02 as amended by EBA/GL/2024/01), Guideline 21 (CASPs)"
20261009T222824Z-B00064,733459,2022-04-25T08:27:06+00:00,R14_LARGE_TRANSACTION,Large single transaction,medium,83f4ccc40a86e5e6fb2aa0c771c30e90d12f23480db2203f0b011a9c8f768979,<address redacted>,1,15.90936998,591327.42,"Transfers 15.90936998 BTC (591,327 EUR) (excluding change, non-round amount); EUR threshold 100,000.","FATF (2020) Red Flag Indicators of ML/TF - Virtual Assets - transactions: size and frequency; EBA ML/TF Risk Factors Guidelines (EBA/GL/2021/02 as amended by EBA/GL/2024/01), Guideline 21 (CASPs)"
20261009T222824Z-B00065,733459,2022-04-25T08:27:06+00:00,R14_LARGE_TRANSACTION,Large single transaction,medium,892af874b608a694a529c8ed75826531da379e242a5c4e4617809a2e60054b93,<address redacted>,1,4.08462125,151819.24,"Transfers 4.08462125 BTC (151,819 EUR) (excluding change, non-round amount); EUR threshold 100,000.","FATF (2020) Red Flag Indicators of ML/TF - Virtual Assets - transactions: size and frequency; EBA ML/TF Risk Factors Guidelines (EBA/GL/2021/02 as amended by EBA/GL/2024/01), Guideline 21 (CASPs)"
20261009T222824Z-B00066,733459,2022-04-25T08:27:06+00:00,R14_LARGE_TRANSACTION,Large single transaction,medium,01af1ed8d764d3e2bca67c202a25d7e68981d30b59925464805765bab6226c85,<address redacted>,1,9.98599969,371164.63,"Transfers 9.98599969 BTC (371,165 EUR) (excluding change, non-round amount); EUR threshold 100,000.","FATF (2020) Red Flag Indicators of ML/TF - Virtual Assets - transactions: size and frequency; EBA ML/TF Risk Factors Guidelines (EBA/GL/2021/02 as amended by EBA/GL/2024/01), Guideline 21 (CASPs)"
20261009T222824Z-B00067,733459,2022-04-25T08:27:06+00:00,R09_FAN_OUT,Fan-out (many recipients),medium,da0c0e09605c0b26a11d4b71451704045cb162a55d96953826d1afa61b2d2cb0,<address redacted>,1,4.68480312,174127.10,"One transaction pays 24 distinct addresses (4.68480312 BTC (174,127 EUR)). Typical of exchange or pool batch payouts, but also of distribution to money mules.","FATF (2020) Red Flag Indicators of ML/TF - Virtual Assets - transactions: patterns; EBA ML/TF Risk Factors Guidelines (EBA/GL/2021/02 as amended by EBA/GL/2024/01), Guideline 21 (CASPs)"
20261009T222824Z-B00068,733459,2022-04-25T08:27:06+00:00,R14_LARGE_TRANSACTION,Large single transaction,medium,da0c0e09605c0b26a11d4b71451704045cb162a55d96953826d1afa61b2d2cb0,<address redacted>,1,4.68480312,174127.10,"Transfers 4.68480312 BTC (174,127 EUR); EUR threshold 100,000.","FATF (2020) Red Flag Indicators of ML/TF - Virtual Assets - transactions: size and frequency; EBA ML/TF Risk Factors Guidelines (EBA/GL/2021/02 as amended by EBA/GL/2024/01), Guideline 21 (CASPs)"
20261009T222824Z-B00069,733459,2022-04-25T08:27:06+00:00,R14_LARGE_TRANSACTION,Large single transaction,medium,e8c081181b56949997cff808598e17d733e68ef50c4f0b2566b62b79f89925fe,<address redacted>,1,5.83245690,216783.67,"Transfers 5.83245690 BTC (216,784 EUR); EUR threshold 100,000.","FATF (2020) Red Flag Indicators of ML/TF - Virtual Assets - transactions: size and frequency; EBA ML/TF Risk Factors Guidelines (EBA/GL/2021/02 as amended by EBA/GL/2024/01), Guideline 21 (CASPs)"
20261009T222824Z-B00070,733459,2022-04-25T08:27:06+00:00,R09_FAN_OUT,Fan-out (many recipients),medium,5397e3734317dccee5e07bcdeb64af8983059e425f64ab54eeabb3791638883d,<address redacted>,1,9.99981707,371678.20,"One transaction pays 25 distinct addresses (9.99981707 BTC (371,678 EUR)). Typical of exchange or pool batch payouts, but also of distribution to money mules.","FATF (2020) Red Flag Indicators of ML/TF - Virtual Assets - transactions: patterns; EBA ML/TF Risk Factors Guidelines (EBA/GL/2021/02 as amended by EBA/GL/2024/01), Guideline 21 (CASPs)"
20261009T222824Z-B00071,733459,2022-04-25T08:27:06+00:00,R14_LARGE_TRANSACTION,Large single transaction,medium,5397e3734317dccee5e07bcdeb64af8983059e425f64ab54eeabb3791638883d,<address redacted>,1,9.99981707,371678.20,"Transfers 9.99981707 BTC (371,678 EUR); EUR threshold 100,000.","FATF (2020) Red Flag Indicators of ML/TF - Virtual Assets - transactions: size and frequency; EBA ML/TF Risk Factors Guidelines (EBA/GL/2021/02 as amended by EBA/GL/2024/01), Guideline 21 (CASPs)"
20261009T222824Z-B00072,733459,2022-04-25T08:27:06+00:00,R09_FAN_OUT,Fan-out (many recipients),medium,8964b1a2e24c70ab3ea991712441ca92daf3385d541970f0a352f42f7dcb4558,<address redacted>,1,7.31017846,271708.37,"One transaction pays 22 distinct addresses (7.31017846 BTC (271,708 EUR)). Typical of exchange or pool batch payouts, but also of distribution to money mules.","FATF (2020) Red Flag Indicators of ML/TF - Virtual Assets - transactions: patterns; EBA ML/TF Risk Factors Guidelines (EBA/GL/2021/02 as amended by EBA/GL/2024/01), Guideline 21 (CASPs)"
20261009T222824Z-B00073,733459,2022-04-25T08:27:06+00:00,R14_LARGE_TRANSACTION,Large single transaction,medium,8964b1a2e24c70ab3ea991712441ca92daf3385d541970f0a352f42f7dcb4558,<address redacted>,1,7.31017846,271708.37,"Transfers 7.31017846 BTC (271,708 EUR); EUR threshold 100,000.","FATF (2020) Red Flag Indicators of ML/TF - Virtual Assets - transactions: size and frequency; EBA ML/TF Risk Factors Guidelines (EBA/GL/2021/02 as amended by EBA/GL/2024/01), Guideline 21 (CASPs)"
20261009T222824Z-B00074,733459,2022-04-25T08:27:06+00:00,R14_LARGE_TRANSACTION,Large single transaction,medium,1b691a92dab44b2a4a36e6a637d0d1486250b99870d15c94b334edb6879e1b6b,<address redacted>,1,9.38955241,348995.58,"Transfers 9.38955241 BTC (348,996 EUR); EUR threshold 100,000.","FATF (2020) Red Flag Indicators of ML/TF - Virtual Assets - transactions: size and frequency; EBA ML/TF Risk Factors Guidelines (EBA/GL/2021/02 as amended by EBA/GL/2024/01), Guideline 21 (CASPs)"
20261009T222824Z-B00075,733459,2022-04-25T08:27:06+00:00,R09_FAN_OUT,Fan-out (many recipients),medium,da8acbdab0d64e7e956e6af7f97209c76cd20ad3498d9a66cde700840af66b2e,<address redacted>,1,15.90935584,591326.89,"One transaction pays 25 distinct addresses (15.90935584 BTC (591,327 EUR)). Typical of exchange or pool batch payouts, but also of distribution to money mules.","FATF (2020) Red Flag Indicators of ML/TF - Virtual Assets - transactions: patterns; EBA ML/TF Risk Factors Guidelines (EBA/GL/2021/02 as amended by EBA/GL/2024/01), Guideline 21 (CASPs)"
20261009T222824Z-B00076,733459,2022-04-25T08:27:06+00:00,R14_LARGE_TRANSACTION,Large single transaction,medium,da8acbdab0d64e7e956e6af7f97209c76cd20ad3498d9a66cde700840af66b2e,<address redacted>,1,15.90911237,591317.84,"Transfers 15.90911237 BTC (591,318 EUR) (excluding change, non-round amount); EUR threshold 100,000.","FATF (2020) Red Flag Indicators of ML/TF - Virtual Assets - transactions: size and frequency; EBA ML/TF Risk Factors Guidelines (EBA/GL/2021/02 as amended by EBA/GL/2024/01), Guideline 21 (CASPs)"
20261009T222824Z-B00077,733459,2022-04-25T08:27:06+00:00,R09_FAN_OUT,Fan-out (many recipients),medium,3ce537b2aaa48f344cd12643a2cb857e3367c39feded7a794b26271404c0af78,<address redacted>,1,15.90935794,591326.97,"One transaction pays 32 distinct addresses (15.90935794 BTC (591,327 EUR)). Typical of exchange or pool batch payouts, but also of distribution to money mules.","FATF (2020) Red Flag Indicators of ML/TF - Virtual Assets - transactions: patterns; EBA ML/TF Risk Factors Guidelines (EBA/GL/2021/02 as amended by EBA/GL/2024/01), Guideline 21 (CASPs)"
20261009T222824Z-B00078,733459,2022-04-25T08:27:06+00:00,R14_LARGE_TRANSACTION,Large single transaction,medium,3ce537b2aaa48f344cd12643a2cb857e3367c39feded7a794b26271404c0af78,<address redacted>,1,15.90911447,591317.92,"Transfers 15.90911447 BTC (591,318 EUR) (excluding change, non-round amount); EUR threshold 100,000.","FATF (2020) Red Flag Indicators of ML/TF - Virtual Assets - transactions: size and frequency; EBA ML/TF Risk Factors Guidelines (EBA/GL/2021/02 as amended by EBA/GL/2024/01), Guideline 21 (CASPs)"
20261009T222824Z-B00079,733459,2022-04-25T08:27:06+00:00,R09_FAN_OUT,Fan-out (many recipients),medium,b96c0c6ac5e3823acd4ac4a7dc514fe4154327873fb1cc6e419cf9d4203f8001,<address redacted>,1,0.08483864,3153.32,"One transaction pays 24 distinct addresses (0.08483864 BTC (3,153 EUR)). Typical of exchange or pool batch payouts, but also of distribution to money mules.","FATF (2020) Red Flag Indicators of ML/TF - Virtual Assets - transactions: patterns; EBA ML/TF Risk Factors Guidelines (EBA/GL/2021/02 as amended by EBA/GL/2024/01), Guideline 21 (CASPs)"
20261009T222824Z-B00080,733459,2022-04-25T08:27:06+00:00,R09_FAN_OUT,Fan-out (many recipients),medium,85766db19f37b1216df8ef22b30ac42c2bcdfec3f58a25a62cc110eb706b8b31,<address redacted>,1,9.99992792,371682.32,"One transaction pays 24 distinct addresses (9.99992792 BTC (371,682 EUR)). Typical of exchange or pool batch payouts, but also of distribution to money mules.","FATF (2020) Red Flag Indicators of ML/TF - Virtual Assets - transactions: patterns; EBA ML/TF Risk Factors Guidelines (EBA/GL/2021/02 as amended by EBA/GL/2024/01), Guideline 21 (CASPs)"
20261009T222824Z-B00081,733459,2022-04-25T08:27:06+00:00,R14_LARGE_TRANSACTION,Large single transaction,medium,85766db19f37b1216df8ef22b30ac42c2bcdfec3f58a25a62cc110eb706b8b31,<address redacted>,1,9.99992792,371682.32,"Transfers 9.99992792 BTC (371,682 EUR); EUR threshold 100,000.","FATF (2020) Red Flag Indicators of ML/TF - Virtual Assets - transactions: size and frequency; EBA ML/TF Risk Factors Guidelines (EBA/GL/2021/02 as amended by EBA/GL/2024/01), Guideline 21 (CASPs)"
20261009T222824Z-B00082,733459,2022-04-25T08:27:06+00:00,R14_LARGE_TRANSACTION,Large single transaction,medium,b71a208078dbc85ba600d52a9a22b8f9ce7327df68150dd2e553b151ef32e4b0,<address redacted>,1,15.88188962,590306.01,"Transfers 15.88188962 BTC (590,306 EUR) (excluding change, non-round amount); EUR threshold 100,000.","FATF (2020) Red Flag Indicators of ML/TF - Virtual Assets - transactions: size and frequency; EBA ML/TF Risk Factors Guidelines (EBA/GL/2021/02 as amended by EBA/GL/2024/01), Guideline 21 (CASPs)"
20261009T222824Z-B00083,733459,2022-04-25T08:27:06+00:00,R09_FAN_OUT,Fan-out (many recipients),medium,c5d6fd34d49f451395172a69f6ab10f2ce68cec4863bed231dbc29c8d2c54508,<address redacted>,1,0.26708146,9927.02,"One transaction pays 20 distinct addresses (0.26708146 BTC (9,927 EUR)). Typical of exchange or pool batch payouts, but also of distribution to money mules.","FATF (2020) Red Flag Indicators of ML/TF - Virtual Assets - transactions: patterns; EBA ML/TF Risk Factors Guidelines (EBA/GL/2021/02 as amended by EBA/GL/2024/01), Guideline 21 (CASPs)"
20261009T222824Z-B00084,733459,2022-04-25T08:27:06+00:00,R09_FAN_OUT,Fan-out (many recipients),medium,438b4e20f8000483a09b824735331b6e3f91f5b9edd0089a292a5e2748fe0c75,<address redacted>,1,15.90935727,591326.95,"One transaction pays 27 distinct addresses (15.90935727 BTC (591,327 EUR)). Typical of exchange or pool batch payouts, but also of distribution to money mules.","FATF (2020) Red Flag Indicators of ML/TF - Virtual Assets - transactions: patterns; EBA ML/TF Risk Factors Guidelines (EBA/GL/2021/02 as amended by EBA/GL/2024/01), Guideline 21 (CASPs)"
20261009T222824Z-B00085,733459,2022-04-25T08:27:06+00:00,R14_LARGE_TRANSACTION,Large single transaction,medium,438b4e20f8000483a09b824735331b6e3f91f5b9edd0089a292a5e2748fe0c75,<address redacted>,1,15.90911380,591317.90,"Transfers 15.90911380 BTC (591,318 EUR) (excluding change, non-round amount); EUR threshold 100,000.","FATF (2020) Red Flag Indicators of ML/TF - Virtual Assets - transactions: size and frequency; EBA ML/TF Risk Factors Guidelines (EBA/GL/2021/02 as amended by EBA/GL/2024/01), Guideline 21 (CASPs)"
20261009T222824Z-B00086,733459,2022-04-25T08:27:06+00:00,R09_FAN_OUT,Fan-out (many recipients),medium,40d74caf98c78b0560e73ad5b698abfc5c1fcb702983987f383571136b0be171,<address redacted>,1,15.90935811,591326.98,"One transaction pays 29 distinct addresses (15.90935811 BTC (591,327 EUR)). Typical of exchange or pool batch payouts, but also of distribution to money mules.","FATF (2020) Red Flag Indicators of ML/TF - Virtual Assets - transactions: patterns; EBA ML/TF Risk Factors Guidelines (EBA/GL/2021/02 as amended by EBA/GL/2024/01), Guideline 21 (CASPs)"
20261009T222824Z-B00087,733459,2022-04-25T08:27:06+00:00,R14_LARGE_TRANSACTION,Large single transaction,medium,40d74caf98c78b0560e73ad5b698abfc5c1fcb702983987f383571136b0be171,<address redacted>,1,15.90883892,591307.68,"Transfers 15.90883892 BTC (591,308 EUR) (excluding change, non-round amount); EUR threshold 100,000.","FATF (2020) Red Flag Indicators of ML/TF - Virtual Assets - transactions: size and frequency; EBA ML/TF Risk Factors Guidelines (EBA/GL/2021/02 as amended by EBA/GL/2024/01), Guideline 21 (CASPs)"
20261009T222824Z-B00088,733459,2022-04-25T08:27:06+00:00,R14_LARGE_TRANSACTION,Large single transaction,medium,a39b2b9a7129b6202f12b45726eb348290bff7e4a32f7dc012ffb2cf6e9a5dd3,<address redacted>,1,7.52576599,279721.43,"Transfers 7.52576599 BTC (279,721 EUR); EUR threshold 100,000.","FATF (2020) Red Flag Indicators of ML/TF - Virtual Assets - transactions: size and frequency; EBA ML/TF Risk Factors Guidelines (EBA/GL/2021/02 as amended by EBA/GL/2024/01), Guideline 21 (CASPs)"
20261009T222824Z-B00089,733459,2022-04-25T08:27:06+00:00,R14_LARGE_TRANSACTION,Large single transaction,medium,8893a32f6cfad63e6e94240c4858aa58225a312075d5e90e5570cf87a4d45ddb,<address redacted>,1,15.90419433,591135.05,"Transfers 15.90419433 BTC (591,135 EUR) (excluding change, non-round amount); EUR threshold 100,000.","FATF (2020) Red Flag Indicators of ML/TF - Virtual Assets - transactions: size and frequency; EBA ML/TF Risk Factors Guidelines (EBA/GL/2021/02 as amended by EBA/GL/2024/01), Guideline 21 (CASPs)"
20261009T222824Z-B00090,733459,2022-04-25T08:27:06+00:00,R09_FAN_OUT,Fan-out (many recipients),medium,114d247c6ea2c1662d400e5f5a81a5efff2e6c42f0a10634cab40e5ab8b5a39d,<address redacted>,1,15.90936407,591327.20,"One transaction pays 24 distinct addresses (15.90936407 BTC (591,327 EUR)). Typical of exchange or pool batch payouts, but also of distribution to money mules.","FATF (2020) Red Flag Indicators of ML/TF - Virtual Assets - transactions: patterns; EBA ML/TF Risk Factors Guidelines (EBA/GL/2021/02 as amended by EBA/GL/2024/01), Guideline 21 (CASPs)"
20261009T222824Z-B00091,733459,2022-04-25T08:27:06+00:00,R14_LARGE_TRANSACTION,Large single transaction,medium,114d247c6ea2c1662d400e5f5a81a5efff2e6c42f0a10634cab40e5ab8b5a39d,<address redacted>,1,15.90936407,591327.20,"Transfers 15.90936407 BTC (591,327 EUR); EUR threshold 100,000.","FATF (2020) Red Flag Indicators of ML/TF - Virtual Assets - transactions: size and frequency; EBA ML/TF Risk Factors Guidelines (EBA/GL/2021/02 as amended by EBA/GL/2024/01), Guideline 21 (CASPs)"
20261009T222824Z-B00092,733459,2022-04-25T08:27:06+00:00,R14_LARGE_TRANSACTION,Large single transaction,medium,7e30411b01132b13074cd8b5aea1042143f938b4a3c8ac85a45e1c013f64c434,<address redacted>,1,15.90912839,591318.44,"Transfers 15.90912839 BTC (591,318 EUR) (excluding change, non-round amount); EUR threshold 100,000.","FATF (2020) Red Flag Indicators of ML/TF - Virtual Assets - transactions: size and frequency; EBA ML/TF Risk Factors Guidelines (EBA/GL/2021/02 as amended by EBA/GL/2024/01), Guideline 21 (CASPs)"
20261009T222824Z-B00093,733459,2022-04-25T08:27:06+00:00,R09_FAN_OUT,Fan-out (many recipients),medium,023dc61118687c7216f678dac0670861d2fbb40e328b7887f37a16b7180a215f,<address redacted>,1,0.15180058,5642.20,"One transaction pays 27 distinct addresses (0.15180058 BTC (5,642 EUR)). Typical of exchange or pool batch payouts, but also of distribution to money mules.","FATF (2020) Red Flag Indicators of ML/TF - Virtual Assets - transactions: patterns; EBA ML/TF Risk Factors Guidelines (EBA/GL/2021/02 as amended by EBA/GL/2024/01), Guideline 21 (CASPs)"
20261009T222824Z-B00094,733459,2022-04-25T08:27:06+00:00,R09_FAN_OUT,Fan-out (many recipients),medium,4e8ec3443c513b3e1970e933484ce352e325f1143a982321886726c06bcd2808,<address redacted>,1,9.23793381,343360.14,"One transaction pays 21 distinct addresses (9.23793381 BTC (343,360 EUR)). Typical of exchange or pool batch payouts, but also of distribution to money mules.","FATF (2020) Red Flag Indicators of ML/TF - Virtual Assets - transactions: patterns; EBA ML/TF Risk Factors Guidelines (EBA/GL/2021/02 as amended by EBA/GL/2024/01), Guideline 21 (CASPs)"
20261009T222824Z-B00095,733459,2022-04-25T08:27:06+00:00,R14_LARGE_TRANSACTION,Large single transaction,medium,4e8ec3443c513b3e1970e933484ce352e325f1143a982321886726c06bcd2808,<address redacted>,1,9.23793381,343360.14,"Transfers 9.23793381 BTC (343,360 EUR); EUR threshold 100,000.","FATF (2020) Red Flag Indicators of ML/TF - Virtual Assets - transactions: size and frequency; EBA ML/TF Risk Factors Guidelines (EBA/GL/2021/02 as amended by EBA/GL/2024/01), Guideline 21 (CASPs)"
20261009T222824Z-B00096,733459,2022-04-25T08:27:06+00:00,R14_LARGE_TRANSACTION,Large single transaction,medium,06c83069f26d0fb147ae1b21c095184e61f33fd5c57b8565f058ebb273b6c479,<address redacted>;<address redacted>;<address redacted>;<address redacted>;<address redacted>;<address redacted>;<address redacted>;<address redacted>;<address redacted>;<address redacted>;(+48 more),58,54.87881902,2039763.38,"Transfers 54.87881902 BTC (2,039,763 EUR); EUR threshold 100,000.","FATF (2020) Red Flag Indicators of ML/TF - Virtual Assets - transactions: size and frequency; EBA ML/TF Risk Factors Guidelines (EBA/GL/2021/02 as amended by EBA/GL/2024/01), Guideline 21 (CASPs)"
20261009T222824Z-B00097,733459,2022-04-25T08:27:06+00:00,R09_FAN_OUT,Fan-out (many recipients),medium,f4ddb8e533f0c3db7ec5b2ed88a48474df00a566b420128e8ef65f372d2735ae,<address redacted>,1,1.49964364,55739.50,"One transaction pays 125 distinct addresses (1.49964364 BTC (55,740 EUR)). Typical of exchange or pool batch payouts, but also of distribution to money mules.","FATF (2020) Red Flag Indicators of ML/TF - Virtual Assets - transactions: patterns; EBA ML/TF Risk Factors Guidelines (EBA/GL/2021/02 as amended by EBA/GL/2024/01), Guideline 21 (CASPs)"
20261009T222824Z-B00098,733459,2022-04-25T08:27:06+00:00,R09_FAN_OUT,Fan-out (many recipients),medium,d83b4bd866a57ce703beca7fd25173b9342194fea7906c787e674d1d4b4547eb,<address redacted>,1,25.47181641,946749.21,"One transaction pays 122 distinct addresses (25.47181641 BTC (946,749 EUR)). Typical of exchange or pool batch payouts, but also of distribution to money mules.","FATF (2020) Red Flag Indicators of ML/TF - Virtual Assets - transactions: patterns; EBA ML/TF Risk Factors Guidelines (EBA/GL/2021/02 as amended by EBA/GL/2024/01), Guideline 21 (CASPs)"
20261009T222824Z-B00099,733459,2022-04-25T08:27:06+00:00,R14_LARGE_TRANSACTION,Large single transaction,medium,0d892632d8e96c9383f37ea981802b159ac5214fac5d2a5eea57641d82aec204,<address redacted>,1,5.49215202,204135.05,"Transfers 5.49215202 BTC (204,135 EUR); EUR threshold 100,000.","FATF (2020) Red Flag Indicators of ML/TF - Virtual Assets - transactions: size and frequency; EBA ML/TF Risk Factors Guidelines (EBA/GL/2021/02 as amended by EBA/GL/2024/01), Guideline 21 (CASPs)"
20261009T222824Z-B00100,733459,2022-04-25T08:27:06+00:00,R09_FAN_OUT,Fan-out (many recipients),medium,4d3cfdff40702ff5c5a59f65e55e07ffdef67824b759bf1966c38017db514d45,<address redacted>,1,0.17880383,6645.87,"One transaction pays 27 distinct addresses (0.17880383 BTC (6,646 EUR)). Typical of exchange or pool batch payouts, but also of distribution to money mules.","FATF (2020) Red Flag Indicators of ML/TF - Virtual Assets - transactions: patterns; EBA ML/TF Risk Factors Guidelines (EBA/GL/2021/02 as amended by EBA/GL/2024/01), Guideline 21 (CASPs)"
20261009T222824Z-B00101,733459,2022-04-25T08:27:06+00:00,R09_FAN_OUT,Fan-out (many recipients),medium,e4edeaaf3ddf072b2c16700ccd65e4de8fa28e14dab2a71a79debc562eac4cff,<address redacted>,1,1.49977706,55744.46,"One transaction pays 76 distinct addresses (1.49977706 BTC (55,744 EUR)). Typical of exchange or pool batch payouts, but also of distribution to money mules.","FATF (2020) Red Flag Indicators of ML/TF - Virtual Assets - transactions: patterns; EBA ML/TF Risk Factors Guidelines (EBA/GL/2021/02 as amended by EBA/GL/2024/01), Guideline 21 (CASPs)"
20261009T222824Z-B00102,733459,2022-04-25T08:27:06+00:00,R14_LARGE_TRANSACTION,Large single transaction,medium,dfe1197ee4df5238a564c6fcbc1256ed57867dbb1b1916d35f9359a618380169,<address redacted>;<address redacted>;<address redacted>;<address redacted>;<address redacted>;<address redacted>;<address redacted>;<address redacted>;<address redacted>;<address redacted>;(+2 more),12,5.87245106,218270.20,"Transfers 5.87245106 BTC (218,270 EUR); EUR threshold 100,000.","FATF (2020) Red Flag Indicators of ML/TF - Virtual Assets - transactions: size and frequency; EBA ML/TF Risk Factors Guidelines (EBA/GL/2021/02 as amended by EBA/GL/2024/01), Guideline 21 (CASPs)"
20261009T222824Z-B00103,733459,2022-04-25T08:27:06+00:00,R09_FAN_OUT,Fan-out (many recipients),medium,16873842be9286fdcf4be26d69c8757a52d964ea9efb66a5c9244a809136d27b,<address redacted>,1,1.49992910,55750.11,"One transaction pays 22 distinct addresses (1.49992910 BTC (55,750 EUR)). Typical of exchange or pool batch payouts, but also of distribution to money mules.","FATF (2020) Red Flag Indicators of ML/TF - Virtual Assets - transactions: patterns; EBA ML/TF Risk Factors Guidelines (EBA/GL/2021/02 as amended by EBA/GL/2024/01), Guideline 21 (CASPs)"
20261009T222824Z-B00104,733459,2022-04-25T08:27:06+00:00,R09_FAN_OUT,Fan-out (many recipients),medium,9f5ef05eb955a70831a36620d0978023a1d2f6c3b98e16638498267e3ae8227c,<address redacted>,1,0.51698282,19215.48,"One transaction pays 20 distinct addresses (0.51698282 BTC (19,215 EUR)). Typical of exchange or pool batch payouts, but also of distribution to money mules.","FATF (2020) Red Flag Indicators of ML/TF - Virtual Assets - transactions: patterns; EBA ML/TF Risk Factors Guidelines (EBA/GL/2021/02 as amended by EBA/GL/2024/01), Guideline 21 (CASPs)"
20261009T222824Z-B00105,733459,2022-04-25T08:27:06+00:00,R09_FAN_OUT,Fan-out (many recipients),medium,c192d5ebdaf1ffe2cf2f86ae28ce30e677fe6c144d988839ed3daef71fe49d0e,<address redacted>,1,4.59160636,170663.12,"One transaction pays 21 distinct addresses (4.59160636 BTC (170,663 EUR)). Typical of exchange or pool batch payouts, but also of distribution to money mules.","FATF (2020) Red Flag Indicators of ML/TF - Virtual Assets - transactions: patterns; EBA ML/TF Risk Factors Guidelines (EBA/GL/2021/02 as amended by EBA/GL/2024/01), Guideline 21 (CASPs)"
20261009T222824Z-B00106,733459,2022-04-25T08:27:06+00:00,R14_LARGE_TRANSACTION,Large single transaction,medium,c192d5ebdaf1ffe2cf2f86ae28ce30e677fe6c144d988839ed3daef71fe49d0e,<address redacted>,1,4.59160636,170663.12,"Transfers 4.59160636 BTC (170,663 EUR); EUR threshold 100,000.","FATF (2020) Red Flag Indicators of ML/TF - Virtual Assets - transactions: size and frequency; EBA ML/TF Risk Factors Guidelines (EBA/GL/2021/02 as amended by EBA/GL/2024/01), Guideline 21 (CASPs)"
20261009T222824Z-B00107,733459,2022-04-25T08:27:06+00:00,R09_FAN_OUT,Fan-out (many recipients),medium,29ce770079e32b623726cac63b64d72002179b15da6bbf10ccf3e974f9131514,<address redacted>,1,0.11659028,4333.49,"One transaction pays 32 distinct addresses (0.11659028 BTC (4,333 EUR)). Typical of exchange or pool batch payouts, but also of distribution to money mules.","FATF (2020) Red Flag Indicators of ML/TF - Virtual Assets - transactions: patterns; EBA ML/TF Risk Factors Guidelines (EBA/GL/2021/02 as amended by EBA/GL/2024/01), Guideline 21 (CASPs)"
20261009T222824Z-B00108,733459,2022-04-25T08:27:06+00:00,R09_FAN_OUT,Fan-out (many recipients),medium,97963eb0d6e608ba228db85de1f429dc1fbdd7db31cce9e70bb848b6f0df195e,<address redacted>,1,1.70100960,63223.98,"One transaction pays 23 distinct addresses (1.70100960 BTC (63,224 EUR)). Typical of exchange or pool batch payouts, but also of distribution to money mules.","FATF (2020) Red Flag Indicators of ML/TF - Virtual Assets - transactions: patterns; EBA ML/TF Risk Factors Guidelines (EBA/GL/2021/02 as amended by EBA/GL/2024/01), Guideline 21 (CASPs)"
20261009T222824Z-B00109,733459,2022-04-25T08:27:06+00:00,R09_FAN_OUT,Fan-out (many recipients),medium,5dce512cc05d5fac6bc7b8b2c469a25fa2ead0c46ecc44ec4ddf6b5f2aa06a20,<address redacted>,1,1827.11539849,67911138.69,"One transaction pays 106 distinct addresses (1827.11539849 BTC (67,911,139 EUR)). Typical of exchange or pool batch payouts, but also of distribution to money mules.","FATF (2020) Red Flag Indicators of ML/TF - Virtual Assets - transactions: patterns; EBA ML/TF Risk Factors Guidelines (EBA/GL/2021/02 as amended by EBA/GL/2024/01), Guideline 21 (CASPs)"
20261009T222824Z-B00110,733459,2022-04-25T08:27:06+00:00,R14_LARGE_TRANSACTION,Large single transaction,medium,5dce512cc05d5fac6bc7b8b2c469a25fa2ead0c46ecc44ec4ddf6b5f2aa06a20,<address redacted>,1,1809.19460128,67245049.54,"Transfers 1809.19460128 BTC (67,245,050 EUR) (excluding change, non-round amount); EUR threshold 100,000.","FATF (2020) Red Flag Indicators of ML/TF - Virtual Assets - transactions: size and frequency; EBA ML/TF Risk Factors Guidelines (EBA/GL/2021/02 as amended by EBA/GL/2024/01), Guideline 21 (CASPs)"
20261009T222824Z-B00111,733459,2022-04-25T08:27:06+00:00,R09_FAN_OUT,Fan-out (many recipients),medium,7a1bdb33ca3c6f9e40bd6d71993a6bedd62505ddccfb978b4d3b8f11f51c59a8,<address redacted>,1,1.23802925,46015.69,"One transaction pays 22 distinct addresses (1.23802925 BTC (46,016 EUR)). Typical of exchange or pool batch payouts, but also of distribution to money mules.","FATF (2020) Red Flag Indicators of ML/TF - Virtual Assets - transactions: patterns; EBA ML/TF Risk Factors Guidelines (EBA/GL/2021/02 as amended by EBA/GL/2024/01), Guideline 21 (CASPs)"
20261009T222824Z-B00112,733459,2022-04-25T08:27:06+00:00,R09_FAN_OUT,Fan-out (many recipients),medium,dc5af6306c24c0e4150e4100652a9a4bb7de1f2d15caf46357a3cd1b568f3f25,<address redacted>,1,0.33295749,12375.53,"One transaction pays 24 distinct addresses (0.33295749 BTC (12,376 EUR)). Typical of exchange or pool batch payouts, but also of distribution to money mules.","FATF (2020) Red Flag Indicators of ML/TF - Virtual Assets - transactions: patterns; EBA ML/TF Risk Factors Guidelines (EBA/GL/2021/02 as amended by EBA/GL/2024/01), Guideline 21 (CASPs)"
20261009T222824Z-B00113,733459,2022-04-25T08:27:06+00:00,R09_FAN_OUT,Fan-out (many recipients),medium,2cc22193109f56f21cf6312ed67109e3c694b22ed1589d63563425da5eae34a9,<address redacted>,1,1.49984487,55746.98,"One transaction pays 53 distinct addresses (1.49984487 BTC (55,747 EUR)). Typical of exchange or pool batch payouts, but also of distribution to money mules.","FATF (2020) Red Flag Indicators of ML/TF - Virtual Assets - transactions: patterns; EBA ML/TF Risk Factors Guidelines (EBA/GL/2021/02 as amended by EBA/GL/2024/01), Guideline 21 (CASPs)"
20261009T222824Z-B00114,733459,2022-04-25T08:27:06+00:00,R09_FAN_OUT,Fan-out (many recipients),medium,93d0fc87af4c5f67f1d11ed7c200f5b2ca70625d008e8d2c43a2464f45037e82,<address redacted>,1,1.49991216,55749.49,"One transaction pays 28 distinct addresses (1.49991216 BTC (55,749 EUR)). Typical of exchange or pool batch payouts, but also of distribution to money mules.","FATF (2020) Red Flag Indicators of ML/TF - Virtual Assets - transactions: patterns; EBA ML/TF Risk Factors Guidelines (EBA/GL/2021/02 as amended by EBA/GL/2024/01), Guideline 21 (CASPs)"
20261009T222824Z-B00115,733459,2022-04-25T08:27:06+00:00,R09_FAN_OUT,Fan-out (many recipients),medium,8c1c3e5e2f3743440a203fc298201939ca9daf421173370cc49b73148fb2c8ae,<address redacted>,1,6.90739620,256737.56,"One transaction pays 50 distinct addresses (6.90739620 BTC (256,738 EUR)). Typical of exchange or pool batch payouts, but also of distribution to money mules.","FATF (2020) Red Flag Indicators of ML/TF - Virtual Assets - transactions: patterns; EBA ML/TF Risk Factors Guidelines (EBA/GL/2021/02 as amended by EBA/GL/2024/01), Guideline 21 (CASPs)"
20261009T222824Z-B00116,733459,2022-04-25T08:27:06+00:00,R14_LARGE_TRANSACTION,Large single transaction,medium,8c1c3e5e2f3743440a203fc298201939ca9daf421173370cc49b73148fb2c8ae,<address redacted>,1,6.90739620,256737.56,"Transfers 6.90739620 BTC (256,738 EUR); EUR threshold 100,000.","FATF (2020) Red Flag Indicators of ML/TF - Virtual Assets - transactions: size and frequency; EBA ML/TF Risk Factors Guidelines (EBA/GL/2021/02 as amended by EBA/GL/2024/01), Guideline 21 (CASPs)"
20261009T222824Z-B00117,733459,2022-04-25T08:27:06+00:00,R09_FAN_OUT,Fan-out (many recipients),medium,293c0a4cbfbb937f42c1e3b7ea79ceaeb068f5417b63fc82b4ccc3f3edf46289,<address redacted>,1,0.99983808,37162.48,"One transaction pays 55 distinct addresses (0.99983808 BTC (37,162 EUR)). Typical of exchange or pool batch payouts, but also of distribution to money mules.","FATF (2020) Red Flag Indicators of ML/TF - Virtual Assets - transactions: patterns; EBA ML/TF Risk Factors Guidelines (EBA/GL/2021/02 as amended by EBA/GL/2024/01), Guideline 21 (CASPs)"
20261009T222824Z-B00118,733459,2022-04-25T08:27:06+00:00,R09_FAN_OUT,Fan-out (many recipients),medium,5cf3a3130b3b633bdc98343fe7fb110457a0a4de38e4de1d5375726577195e6b,<address redacted>,1,0.99987936,37164.02,"One transaction pays 40 distinct addresses (0.99987936 BTC (37,164 EUR)). Typical of exchange or pool batch payouts, but also of distribution to money mules.","FATF (2020) Red Flag Indicators of ML/TF - Virtual Assets - transactions: patterns; EBA ML/TF Risk Factors Guidelines (EBA/GL/2021/02 as amended by EBA/GL/2024/01), Guideline 21 (CASPs)"
20261009T222824Z-B00119,733459,2022-04-25T08:27:06+00:00,R14_LARGE_TRANSACTION,Large single transaction,medium,02d1dedb72e6cfb7ec08aead1c76cab7cec4c406c48f048e61f4fe9a8bd32e48,<address redacted>;<address redacted>,2,8.24998255,306639.48,"Transfers 8.24998255 BTC (306,639 EUR); EUR threshold 100,000.","FATF (2020) Red Flag Indicators of ML/TF - Virtual Assets - transactions: size and frequency; EBA ML/TF Risk Factors Guidelines (EBA/GL/2021/02 as amended by EBA/GL/2024/01), Guideline 21 (CASPs)"
20261009T222824Z-B00120,733459,2022-04-25T08:27:06+00:00,R09_FAN_OUT,Fan-out (many recipients),medium,a8434170fad392c1c2d1c20d31d02875657da5c9ddfb31f4895c76a6f9f001a5,<address redacted>,1,0.99990864,37165.10,"One transaction pays 29 distinct addresses (0.99990864 BTC (37,165 EUR)). Typical of exchange or pool batch payouts, but also of distribution to money mules.","FATF (2020) Red Flag Indicators of ML/TF - Virtual Assets - transactions: patterns; EBA ML/TF Risk Factors Guidelines (EBA/GL/2021/02 as amended by EBA/GL/2024/01), Guideline 21 (CASPs)"
20261009T222824Z-B00121,733459,2022-04-25T08:27:06+00:00,R09_FAN_OUT,Fan-out (many recipients),medium,7023e122f47c2a69283e3d69f7ecab97f2b5980dba004e0be58b56adb8f5c146,<address redacted>;<address redacted>;<address redacted>,3,0.50142317,18637.15,"One transaction pays 23 distinct addresses (0.50142317 BTC (18,637 EUR)). Typical of exchange or pool batch payouts, but also of distribution to money mules.","FATF (2020) Red Flag Indicators of ML/TF - Virtual Assets - transactions: patterns; EBA ML/TF Risk Factors Guidelines (EBA/GL/2021/02 as amended by EBA/GL/2024/01), Guideline 21 (CASPs)"
20261009T222824Z-B00122,733459,2022-04-25T08:27:06+00:00,R14_LARGE_TRANSACTION,Large single transaction,medium,459e10b7c3f284045a1b5ea2ae6ff7b406653a9cc12df933f31b0c97c7e7be8d,<address redacted>,1,5.34431677,198640.24,"Transfers 5.34431677 BTC (198,640 EUR); EUR threshold 100,000.","FATF (2020) Red Flag Indicators of ML/TF - Virtual Assets - transactions: size and frequency; EBA ML/TF Risk Factors Guidelines (EBA/GL/2021/02 as amended by EBA/GL/2024/01), Guideline 21 (CASPs)"
20261009T222824Z-B00123,733459,2022-04-25T08:27:06+00:00,R09_FAN_OUT,Fan-out (many recipients),medium,3d5f4978ecdd41a6dab6b484c7e73c8fe6d043a4da559e30587c0ff9e84754d4,<address redacted>,1,2.92213147,108611.24,"One transaction pays 29 distinct addresses (2.92213147 BTC (108,611 EUR)). Typical of exchange or pool batch payouts, but also of distribution to money mules.","FATF (2020) Red Flag Indicators of ML/TF - Virtual Assets - transactions: patterns; EBA ML/TF Risk Factors Guidelines (EBA/GL/2021/02 as amended by EBA/GL/2024/01), Guideline 21 (CASPs)"
20261009T222824Z-B00124,733459,2022-04-25T08:27:06+00:00,R14_LARGE_TRANSACTION,Large single transaction,medium,3d5f4978ecdd41a6dab6b484c7e73c8fe6d043a4da559e30587c0ff9e84754d4,<address redacted>,1,2.92213147,108611.24,"Transfers 2.92213147 BTC (108,611 EUR); EUR threshold 100,000.","FATF (2020) Red Flag Indicators of ML/TF - Virtual Assets - transactions: size and frequency; EBA ML/TF Risk Factors Guidelines (EBA/GL/2021/02 as amended by EBA/GL/2024/01), Guideline 21 (CASPs)"
20261009T222824Z-B00125,733459,2022-04-25T08:27:06+00:00,R14_LARGE_TRANSACTION,Large single transaction,medium,9d7880567ecc0d26609d113106340de58b6b3407739dd99bff6a83480b318b82,<address redacted>;<address redacted>,2,5.99996913,223009.85,"Transfers 5.99996913 BTC (223,010 EUR); EUR threshold 100,000.","FATF (2020) Red Flag Indicators of ML/TF - Virtual Assets - transactions: size and frequency; EBA ML/TF Risk Factors Guidelines (EBA/GL/2021/02 as amended by EBA/GL/2024/01), Guideline 21 (CASPs)"
20261009T222824Z-B00126,733459,2022-04-25T08:27:06+00:00,R14_LARGE_TRANSACTION,Large single transaction,medium,0168a52658680990106c95f9eef8705915d5ee4af3cec6494f007263b5c8cb08,<address redacted>,1,4.79993250,178406.29,"Transfers 4.79993250 BTC (178,406 EUR) (excluding change, script type matches inputs); EUR threshold 100,000.","FATF (2020) Red Flag Indicators of ML/TF - Virtual Assets - transactions: size and frequency; EBA ML/TF Risk Factors Guidelines (EBA/GL/2021/02 as amended by EBA/GL/2024/01), Guideline 21 (CASPs)"
20261009T222824Z-B00127,733459,2022-04-25T08:27:06+00:00,R14_LARGE_TRANSACTION,Large single transaction,medium,0fc74d842ebede7ae215ba3d3cfb262517bf37eb5a9b8317665d7203a44a8475,<address redacted>,1,5.28612293,196477.26,"Transfers 5.28612293 BTC (196,477 EUR) (excluding change, script type matches inputs); EUR threshold 100,000.","FATF (2020) Red Flag Indicators of ML/TF - Virtual Assets - transactions: size and frequency; EBA ML/TF Risk Factors Guidelines (EBA/GL/2021/02 as amended by EBA/GL/2024/01), Guideline 21 (CASPs)"
20261009T222824Z-B00128,733459,2022-04-25T08:27:06+00:00,R14_LARGE_TRANSACTION,Large single transaction,medium,8da46bc24a55bfbf0ddfa5c3e19db523e9aa34102b0e18e0d4fe6d85557e7da1,<address redacted>,1,5.08953337,189170.32,"Transfers 5.08953337 BTC (189,170 EUR) (excluding change, script type matches inputs); EUR threshold 100,000.","FATF (2020) Red Flag Indicators of ML/TF - Virtual Assets - transactions: size and frequency; EBA ML/TF Risk Factors Guidelines (EBA/GL/2021/02 as amended by EBA/GL/2024/01), Guideline 21 (CASPs)"
20261009T222824Z-B00129,733459,2022-04-25T08:27:06+00:00,R04_COINJOIN,CoinJoin participation,medium,42d8b067317543da9f4f9a16f8248a0bf2d9357750c74a3496552813314781fa,<address redacted>;<address redacted>;<address redacted>;<address redacted>;<address redacted>,5,0.00500000,185.84,"Whirlpool CoinJoin: 5 inputs, 5 equal outputs of 0.00100000 BTC; total 0.00500000 BTC (186 EUR).","FATF (2020) Red Flag Indicators of ML/TF - Virtual Assets - anonymity; EBA ML/TF Risk Factors Guidelines (EBA/GL/2021/02 as amended by EBA/GL/2024/01), Guideline 21 (CASPs)"
20261009T222824Z-B00130,733459,2022-04-25T08:27:06+00:00,R14_LARGE_TRANSACTION,Large single transaction,medium,bb1404bf8392137b1c03ceaf83c55f31150d4d3005924baf3ce78c93d4799f02,<address redacted>;<address redacted>;<address redacted>;<address redacted>;<address redacted>;<address redacted>;<address redacted>;<address redacted>;<address redacted>;<address redacted>;(+19 more),29,17.72157043,658684.19,"Transfers 17.72157043 BTC (658,684 EUR); EUR threshold 100,000.","FATF (2020) Red Flag Indicators of ML/TF - Virtual Assets - transactions: size and frequency; EBA ML/TF Risk Factors Guidelines (EBA/GL/2021/02 as amended by EBA/GL/2024/01), Guideline 21 (CASPs)"
20261009T222824Z-B00131,733459,2022-04-25T08:27:06+00:00,R16_CONSOLIDATION,Consolidation of many small inputs,low,bb1404bf8392137b1c03ceaf83c55f31150d4d3005924baf3ce78c93d4799f02,<address redacted>;<address redacted>;<address redacted>;<address redacted>;<address redacted>;<address redacted>;<address redacted>;<address redacted>;<address redacted>;<address redacted>;(+19 more),29,17.72157043,658684.19,"Merges 21 inputs of at most 0.01 BTC from 29 address(es) into 17.72157043 BTC (658,684 EUR).","FATF (2020) Red Flag Indicators of ML/TF - Virtual Assets - transactions: patterns; EBA ML/TF Risk Factors Guidelines (EBA/GL/2021/02 as amended by EBA/GL/2024/01), Guideline 21 (CASPs)"
20261009T222824Z-B00132,733459,2022-04-25T08:27:06+00:00,R16_CONSOLIDATION,Consolidation of many small inputs,low,19ac6e052093fced622c54f94a5ca29cbb042ce12347bb121a4a477f31855730,<address redacted>;<address redacted>;<address redacted>;<address redacted>;<address redacted>;<address redacted>;<address redacted>;<address redacted>;<address redacted>;<address redacted>;(+25 more),35,1.20228536,44687.14,"Merges 34 inputs of at most 0.01 BTC from 35 address(es) into 1.20228536 BTC (44,687 EUR).","FATF (2020) Red Flag Indicators of ML/TF - Virtual Assets - transactions: patterns; EBA ML/TF Risk Factors Guidelines (EBA/GL/2021/02 as amended by EBA/GL/2024/01), Guideline 21 (CASPs)"
20261009T222824Z-B00133,733459,2022-04-25T08:27:06+00:00,R16_CONSOLIDATION,Consolidation of many small inputs,low,924bcae1ee5ad9986e7e05b7f1d911462466f73d864d794d737627d58412a64b,<address redacted>;<address redacted>;<address redacted>;<address redacted>;<address redacted>;<address redacted>;<address redacted>;<address redacted>;<address redacted>;<address redacted>;(+24 more),34,0.44372849,16492.72,"Merges 24 inputs of at most 0.01 BTC from 34 address(es) into 0.44372849 BTC (16,493 EUR).","FATF (2020) Red Flag Indicators of ML/TF - Virtual Assets - transactions: patterns; EBA ML/TF Risk Factors Guidelines (EBA/GL/2021/02 as amended by EBA/GL/2024/01), Guideline 21 (CASPs)"
20261009T222824Z-B00134,733459,2022-04-25T08:27:06+00:00,R16_CONSOLIDATION,Consolidation of many small inputs,low,9300268bc80422aa9c1c28189c474b4fed72a9c7869edb489bee475fe2221a88,<address redacted>;<address redacted>;<address redacted>;<address redacted>;<address redacted>;<address redacted>;<address redacted>;<address redacted>;<address redacted>;<address redacted>;(+19 more),29,1.41094041,52442.54,"Merges 22 inputs of at most 0.01 BTC from 29 address(es) into 1.41094041 BTC (52,443 EUR).","FATF (2020) Red Flag Indicators of ML/TF - Virtual Assets - transactions: patterns; EBA ML/TF Risk Factors Guidelines (EBA/GL/2021/02 as amended by EBA/GL/2024/01), Guideline 21 (CASPs)"
20261009T222824Z-B00135,733459,2022-04-25T08:27:06+00:00,R16_CONSOLIDATION,Consolidation of many small inputs,low,fd46aaa0499ea3c9a1a048770cc65dc56080fc14f88a4a0aebe7986e2ddf7ecd,<address redacted>;<address redacted>;<address redacted>;<address redacted>;<address redacted>;<address redacted>;<address redacted>;<address redacted>;<address redacted>;<address redacted>;(+22 more),32,1.06482324,39577.88,"Merges 28 inputs of at most 0.01 BTC from 32 address(es) into 1.06482324 BTC (39,578 EUR).","FATF (2020) Red Flag Indicators of ML/TF - Virtual Assets - transactions: patterns; EBA ML/TF Risk Factors Guidelines (EBA/GL/2021/02 as amended by EBA/GL/2024/01), Guideline 21 (CASPs)"
20261009T222824Z-B00136,733459,2022-04-25T08:27:06+00:00,R09_FAN_OUT,Fan-out (many recipients),medium,1eadc5255647e83a79331e81d1d37aa6a181bd68cc2bc7eb1103472152c02fb5,<address redacted>,1,2.91260812,108257.27,"One transaction pays 20 distinct addresses (2.91260812 BTC (108,257 EUR)). Typical of exchange or pool batch payouts, but also of distribution to money mules.","FATF (2020) Red Flag Indicators of ML/TF - Virtual Assets - transactions: patterns; EBA ML/TF Risk Factors Guidelines (EBA/GL/2021/02 as amended by EBA/GL/2024/01), Guideline 21 (CASPs)"
20261009T222824Z-B00137,733459,2022-04-25T08:27:06+00:00,R14_LARGE_TRANSACTION,Large single transaction,medium,1eadc5255647e83a79331e81d1d37aa6a181bd68cc2bc7eb1103472152c02fb5,<address redacted>,1,2.90175131,107853.74,"Transfers 2.90175131 BTC (107,854 EUR) (excluding change, address reuse); EUR threshold 100,000.","FATF (2020) Red Flag Indicators of ML/TF - Virtual Assets - transactions: size and frequency; EBA ML/TF Risk Factors Guidelines (EBA/GL/2021/02 as amended by EBA/GL/2024/01), Guideline 21 (CASPs)"
20261009T222824Z-B00138,733459,2022-04-25T08:27:06+00:00,R14_LARGE_TRANSACTION,Large single transaction,medium,2c535cdff0385eef7d3b0daaa37753a08895628d9964abd9795f035fd4586f50,<address redacted>,1,2.98916938,111102.94,"Transfers 2.98916938 BTC (111,103 EUR); EUR threshold 100,000.","FATF (2020) Red Flag Indicators of ML/TF - Virtual Assets - transactions: size and frequency; EBA ML/TF Risk Factors Guidelines (EBA/GL/2021/02 as amended by EBA/GL/2024/01), Guideline 21 (CASPs)"
20261009T222824Z-B00139,733459,2022-04-25T08:27:06+00:00,R14_LARGE_TRANSACTION,Large single transaction,medium,163c926ce16d1a9720c20ea982e88223471d7189f6ee115b091c4a1b9c754efc,<address redacted>,1,4.56033369,169500.76,"Transfers 4.56033369 BTC (169,501 EUR); EUR threshold 100,000.","FATF (2020) Red Flag Indicators of ML/TF - Virtual Assets - transactions: size and frequency; EBA ML/TF Risk Factors Guidelines (EBA/GL/2021/02 as amended by EBA/GL/2024/01), Guideline 21 (CASPs)"
20261009T222824Z-B00140,733459,2022-04-25T08:27:06+00:00,R16_CONSOLIDATION,Consolidation of many small inputs,low,6fd19dfb65e1e8fe2fcf51641c803788105b53e7181428155f0973d38c723d1c,<address redacted>;<address redacted>;<address redacted>;<address redacted>;<address redacted>;<address redacted>;<address redacted>;<address redacted>;<address redacted>;<address redacted>;(+17 more),27,0.73369673,27270.41,"Merges 22 inputs of at most 0.01 BTC from 27 address(es) into 0.73369673 BTC (27,270 EUR).","FATF (2020) Red Flag Indicators of ML/TF - Virtual Assets - transactions: patterns; EBA ML/TF Risk Factors Guidelines (EBA/GL/2021/02 as amended by EBA/GL/2024/01), Guideline 21 (CASPs)"
20261009T222824Z-B00141,733459,2022-04-25T08:27:06+00:00,R16_CONSOLIDATION,Consolidation of many small inputs,low,936764b4474c8bb89a7686bb837675476054fd2fa1bb0b5e53d50414df356c73,<address redacted>;<address redacted>;<address redacted>;<address redacted>;<address redacted>;<address redacted>;<address redacted>;<address redacted>;<address redacted>;<address redacted>;(+21 more),31,0.61075326,22700.78,"Merges 25 inputs of at most 0.01 BTC from 31 address(es) into 0.61075326 BTC (22,701 EUR).","FATF (2020) Red Flag Indicators of ML/TF - Virtual Assets - transactions: patterns; EBA ML/TF Risk Factors Guidelines (EBA/GL/2021/02 as amended by EBA/GL/2024/01), Guideline 21 (CASPs)"
20261009T222824Z-B00142,733459,2022-04-25T08:27:06+00:00,R16_CONSOLIDATION,Consolidation of many small inputs,low,700ea81b50698dbb76fa9f4d81800ef9b9bfd8677ab7e56ffa279de0358deeb6,<address redacted>;<address redacted>;<address redacted>;<address redacted>;<address redacted>;<address redacted>;<address redacted>;<address redacted>;<address redacted>;<address redacted>;(+24 more),34,2.24710177,83521.40,"Merges 24 inputs of at most 0.01 BTC from 34 address(es) into 2.24710177 BTC (83,521 EUR).","FATF (2020) Red Flag Indicators of ML/TF - Virtual Assets - transactions: patterns; EBA ML/TF Risk Factors Guidelines (EBA/GL/2021/02 as amended by EBA/GL/2024/01), Guideline 21 (CASPs)"
20261009T222824Z-B00143,733459,2022-04-25T08:27:06+00:00,R16_CONSOLIDATION,Consolidation of many small inputs,low,aabb73afe722c9659c2b7414fdda4e87782f41e12998a0b65d9884ffe3e11cce,<address redacted>;<address redacted>;<address redacted>;<address redacted>;<address redacted>;<address redacted>;<address redacted>;<address redacted>;<address redacted>;<address redacted>;(+21 more),31,2.24039889,83272.27,"Merges 23 inputs of at most 0.01 BTC from 31 address(es) into 2.24039889 BTC (83,272 EUR).","FATF (2020) Red Flag Indicators of ML/TF - Virtual Assets - transactions: patterns; EBA ML/TF Risk Factors Guidelines (EBA/GL/2021/02 as amended by EBA/GL/2024/01), Guideline 21 (CASPs)"
20261009T222824Z-B00144,733459,2022-04-25T08:27:06+00:00,R16_CONSOLIDATION,Consolidation of many small inputs,low,fd5b36ca3f7d9df380565349fa8c2905da4c9d84bea9410f2b7f7e3983fd2fce,<address redacted>;<address redacted>;<address redacted>;<address redacted>;<address redacted>;<address redacted>;<address redacted>;<address redacted>;<address redacted>;<address redacted>;(+22 more),32,1.01536598,37739.63,"Merges 27 inputs of at most 0.01 BTC from 32 address(es) into 1.01536598 BTC (37,740 EUR).","FATF (2020) Red Flag Indicators of ML/TF - Virtual Assets - transactions: patterns; EBA ML/TF Risk Factors Guidelines (EBA/GL/2021/02 as amended by EBA/GL/2024/01), Guideline 21 (CASPs)"
20261009T222824Z-B00145,733459,2022-04-25T08:27:06+00:00,R14_LARGE_TRANSACTION,Large single transaction,medium,c06464f8ec36c5effc439d939a34c66cbf1030c58ad9359a8b4e948c9ef6fd1f,<address redacted>,1,24.08274184,895119.39,"Transfers 24.08274184 BTC (895,119 EUR); EUR threshold 100,000.","FATF (2020) Red Flag Indicators of ML/TF - Virtual Assets - transactions: size and frequency; EBA ML/TF Risk Factors Guidelines (EBA/GL/2021/02 as amended by EBA/GL/2024/01), Guideline 21 (CASPs)"
20261009T222824Z-B00146,733459,2022-04-25T08:27:06+00:00,R14_LARGE_TRANSACTION,Large single transaction,medium,52df463771a5020b31cd4e77c3e2c059719cc29a9d60225d2aa3676081166795,<address redacted>,1,25.99996626,966379.75,"Transfers 25.99996626 BTC (966,380 EUR); EUR threshold 100,000.","FATF (2020) Red Flag Indicators of ML/TF - Virtual Assets - transactions: size and frequency; EBA ML/TF Risk Factors Guidelines (EBA/GL/2021/02 as amended by EBA/GL/2024/01), Guideline 21 (CASPs)"
20261009T222824Z-B00147,733459,2022-04-25T08:27:06+00:00,R01_OFAC_DIRECT,Direct exposure to sanctioned address,severe,49ca08ded17e5f0d475b1e8b5d02c59a9973550a3018b136a8a2c6136d14b206,3HqA7i3ttECLvgqvq69HNxxUP5BL7Z5YgA,1,0.12818828,4764.57,"3HqA7i3ttECLvgqvq69HNxxUP5BL7Z5YgA ([OFAC SDN] sanctioned: Alex Adrianus Martinus PEIJNENBURG (SDN uid 39585; programs: ILLICIT-DRUGS-EO14059)) sends 0.12818828 BTC (4,765 EUR) in this transaction.",OFAC SDN list; FATF Recommendation 6 (targeted financial sanctions); FATF (2020) Red Flag Indicators of ML/TF - Virtual Assets - source of funds or wealth
20261009T222824Z-B00148,733459,2022-04-25T08:27:06+00:00,R09_FAN_OUT,Fan-out (many recipients),medium,49ca08ded17e5f0d475b1e8b5d02c59a9973550a3018b136a8a2c6136d14b206,<address redacted>;<address redacted>;<address redacted>;<address redacted>;<address redacted>;<address redacted>;<address redacted>;<address redacted>;<address redacted>;<address redacted>;(+49 more),59,129.43904722,4811055.23,"One transaction pays 27 distinct addresses (129.43904722 BTC (4,811,055 EUR)). Typical of exchange or pool batch payouts, but also of distribution to money mules.","FATF (2020) Red Flag Indicators of ML/TF - Virtual Assets - transactions: patterns; EBA ML/TF Risk Factors Guidelines (EBA/GL/2021/02 as amended by EBA/GL/2024/01), Guideline 21 (CASPs)"
20261009T222824Z-B00149,733459,2022-04-25T08:27:06+00:00,R14_LARGE_TRANSACTION,Large single transaction,medium,49ca08ded17e5f0d475b1e8b5d02c59a9973550a3018b136a8a2c6136d14b206,<address redacted>;<address redacted>;<address redacted>;<address redacted>;<address redacted>;<address redacted>;<address redacted>;<address redacted>;<address redacted>;<address redacted>;(+49 more),59,128.42998722,4773549.98,"Transfers 128.42998722 BTC (4,773,550 EUR) (excluding change, non-round amount); EUR threshold 100,000.","FATF (2020) Red Flag Indicators of ML/TF - Virtual Assets - transactions: size and frequency; EBA ML/TF Risk Factors Guidelines (EBA/GL/2021/02 as amended by EBA/GL/2024/01), Guideline 21 (CASPs)"
20261009T222824Z-B00150,733459,2022-04-25T08:27:06+00:00,R16_CONSOLIDATION,Consolidation of many small inputs,low,6210477b4316874ea15212f4565930d5a1e52873da8567e5ad2b30b38b11310b,<address redacted>;<address redacted>;<address redacted>;<address redacted>;<address redacted>;<address redacted>;<address redacted>;<address redacted>;<address redacted>;<address redacted>;(+40 more),50,1.33184164,49502.56,"Merges 42 inputs of at most 0.01 BTC from 50 address(es) into 1.33184164 BTC (49,503 EUR).","FATF (2020) Red Flag Indicators of ML/TF - Virtual Assets - transactions: patterns; EBA ML/TF Risk Factors Guidelines (EBA/GL/2021/02 as amended by EBA/GL/2024/01), Guideline 21 (CASPs)"
20261009T222824Z-B00151,733459,2022-04-25T08:27:06+00:00,R16_CONSOLIDATION,Consolidation of many small inputs,low,6feed4f1de470cf230f1629a52dd939fc82ab99dcd32999fd575072711a1a12a,<address redacted>;<address redacted>;<address redacted>;<address redacted>;<address redacted>;<address redacted>;<address redacted>;<address redacted>;<address redacted>;<address redacted>;(+15 more),25,0.82621035,30709.00,"Merges 20 inputs of at most 0.01 BTC from 25 address(es) into 0.82621035 BTC (30,709 EUR).","FATF (2020) Red Flag Indicators of ML/TF - Virtual Assets - transactions: patterns; EBA ML/TF Risk Factors Guidelines (EBA/GL/2021/02 as amended by EBA/GL/2024/01), Guideline 21 (CASPs)"
20261009T222824Z-B00152,733459,2022-04-25T08:27:06+00:00,R16_CONSOLIDATION,Consolidation of many small inputs,low,158e5d1499931c62011fd2bb717c245b1188d5222428ccb8cc99fac80d239477,<address redacted>;<address redacted>;<address redacted>;<address redacted>;<address redacted>;<address redacted>;<address redacted>;<address redacted>;<address redacted>;<address redacted>;(+16 more),26,0.85850760,31909.44,"Merges 20 inputs of at most 0.01 BTC from 26 address(es) into 0.85850760 BTC (31,909 EUR).","FATF (2020) Red Flag Indicators of ML/TF - Virtual Assets - transactions: patterns; EBA ML/TF Risk Factors Guidelines (EBA/GL/2021/02 as amended by EBA/GL/2024/01), Guideline 21 (CASPs)"
20261009T222824Z-B00153,733459,2022-04-25T08:27:06+00:00,R14_LARGE_TRANSACTION,Large single transaction,medium,10a744caba00e45ab0254c9c942fe801bda1012a5c2d07de6ff7cb27504f91c3,<address redacted>;<address redacted>,2,123.75996543,4599972.28,"Transfers 123.75996543 BTC (4,599,972 EUR); EUR threshold 100,000.","FATF (2020) Red Flag Indicators of ML/TF - Virtual Assets - transactions: size and frequency; EBA ML/TF Risk Factors Guidelines (EBA/GL/2021/02 as amended by EBA/GL/2024/01), Guideline 21 (CASPs)"
20261009T222824Z-B00154,733459,2022-04-25T08:27:06+00:00,R14_LARGE_TRANSACTION,Large single transaction,medium,d960e0a97cff8811c0d8f9c9cd74a81ed1c8ea7858f1567569273eda0a740c12,<address redacted>,1,2.99998664,111505.00,"Transfers 2.99998664 BTC (111,505 EUR); EUR threshold 100,000.","FATF (2020) Red Flag Indicators of ML/TF - Virtual Assets - transactions: size and frequency; EBA ML/TF Risk Factors Guidelines (EBA/GL/2021/02 as amended by EBA/GL/2024/01), Guideline 21 (CASPs)"
20261009T222824Z-B00155,733459,2022-04-25T08:27:06+00:00,R14_LARGE_TRANSACTION,Large single transaction,medium,b2800bd5a4144e9c612bdb6c93a864c025977e2ff7b391c575d25948d4c79b26,<address redacted>,1,2.99429079,111293.30,"Transfers 2.99429079 BTC (111,293 EUR); EUR threshold 100,000.","FATF (2020) Red Flag Indicators of ML/TF - Virtual Assets - transactions: size and frequency; EBA ML/TF Risk Factors Guidelines (EBA/GL/2021/02 as amended by EBA/GL/2024/01), Guideline 21 (CASPs)"
20261009T222824Z-B00156,733459,2022-04-25T08:27:06+00:00,R16_CONSOLIDATION,Consolidation of many small inputs,low,bc4311c74936973840898f5faef96d2d9f4ff04871ded1020df268efe957db23,<address redacted>;<address redacted>;<address redacted>;<address redacted>;<address redacted>;<address redacted>;<address redacted>;<address redacted>;<address redacted>;<address redacted>;(+25 more),35,0.66459173,24701.88,"Merges 24 inputs of at most 0.01 BTC from 35 address(es) into 0.66459173 BTC (24,702 EUR).","FATF (2020) Red Flag Indicators of ML/TF - Virtual Assets - transactions: patterns; EBA ML/TF Risk Factors Guidelines (EBA/GL/2021/02 as amended by EBA/GL/2024/01), Guideline 21 (CASPs)"
20261009T222824Z-B00157,733459,2022-04-25T08:27:06+00:00,R16_CONSOLIDATION,Consolidation of many small inputs,low,a7a02043cec2fef6a1da1bcf412fde90a4f3cc7ee16104bbacb29b3007dfe1be,<address redacted>;<address redacted>;<address redacted>;<address redacted>;<address redacted>;<address redacted>;<address redacted>;<address redacted>;<address redacted>;<address redacted>;(+25 more),35,1.24703606,46350.46,"Merges 28 inputs of at most 0.01 BTC from 35 address(es) into 1.24703606 BTC (46,350 EUR).","FATF (2020) Red Flag Indicators of ML/TF - Virtual Assets - transactions: patterns; EBA ML/TF Risk Factors Guidelines (EBA/GL/2021/02 as amended by EBA/GL/2024/01), Guideline 21 (CASPs)"
20261009T222824Z-B00158,733459,2022-04-25T08:27:06+00:00,R16_CONSOLIDATION,Consolidation of many small inputs,low,6f8dfedb9987904b3e5534d936a16104f61f859dd62672fc06315073351ec6ef,<address redacted>;<address redacted>;<address redacted>;<address redacted>;<address redacted>;<address redacted>;<address redacted>;<address redacted>;<address redacted>;<address redacted>;(+27 more),37,0.72957324,27117.14,"Merges 28 inputs of at most 0.01 BTC from 37 address(es) into 0.72957324 BTC (27,117 EUR).","FATF (2020) Red Flag Indicators of ML/TF - Virtual Assets - transactions: patterns; EBA ML/TF Risk Factors Guidelines (EBA/GL/2021/02 as amended by EBA/GL/2024/01), Guideline 21 (CASPs)"
20261009T222824Z-B00159,733459,2022-04-25T08:27:06+00:00,R16_CONSOLIDATION,Consolidation of many small inputs,low,07c6a7fe6df5edc851a2bf8d61c9d6f63c43f455c464463871868900f919ad4b,<address redacted>;<address redacted>;<address redacted>;<address redacted>;<address redacted>;<address redacted>;<address redacted>;<address redacted>;<address redacted>;<address redacted>;(+32 more),42,0.46820027,17402.30,"Merges 28 inputs of at most 0.01 BTC from 42 address(es) into 0.46820027 BTC (17,402 EUR).","FATF (2020) Red Flag Indicators of ML/TF - Virtual Assets - transactions: patterns; EBA ML/TF Risk Factors Guidelines (EBA/GL/2021/02 as amended by EBA/GL/2024/01), Guideline 21 (CASPs)"
20261009T222824Z-B00160,733459,2022-04-25T08:27:06+00:00,R09_FAN_OUT,Fan-out (many recipients),medium,5e69620c9eab54e8f76d380cd72bcb8451f556a6a06a67bc0c1dc7c797e2116d,<address redacted>,1,5.03870484,187281.10,"One transaction pays 30 distinct addresses (5.03870484 BTC (187,281 EUR)). Typical of exchange or pool batch payouts, but also of distribution to money mules.","FATF (2020) Red Flag Indicators of ML/TF - Virtual Assets - transactions: patterns; EBA ML/TF Risk Factors Guidelines (EBA/GL/2021/02 as amended by EBA/GL/2024/01), Guideline 21 (CASPs)"
20261009T222824Z-B00161,733459,2022-04-25T08:27:06+00:00,R14_LARGE_TRANSACTION,Large single transaction,medium,5e69620c9eab54e8f76d380cd72bcb8451f556a6a06a67bc0c1dc7c797e2116d,<address redacted>,1,5.02595302,186807.13,"Transfers 5.02595302 BTC (186,807 EUR) (excluding change, address reuse); EUR threshold 100,000.","FATF (2020) Red Flag Indicators of ML/TF - Virtual Assets - transactions: size and frequency; EBA ML/TF Risk Factors Guidelines (EBA/GL/2021/02 as amended by EBA/GL/2024/01), Guideline 21 (CASPs)"
20261009T222824Z-B00162,733459,2022-04-25T08:27:06+00:00,R16_CONSOLIDATION,Consolidation of many small inputs,low,8a096e0d2ae5e2f084df43d68ca75e2904ece12f4b533b4195ecb19b47b5e94e,<address redacted>;<address redacted>;<address redacted>;<address redacted>;<address redacted>;<address redacted>;<address redacted>;<address redacted>;<address redacted>;<address redacted>;(+31 more),41,1.03984431,38649.45,"Merges 33 inputs of at most 0.01 BTC from 41 address(es) into 1.03984431 BTC (38,649 EUR).","FATF (2020) Red Flag Indicators of ML/TF - Virtual Assets - transactions: patterns; EBA ML/TF Risk Factors Guidelines (EBA/GL/2021/02 as amended by EBA/GL/2024/01), Guideline 21 (CASPs)"
20261009T222824Z-B00163,733459,2022-04-25T08:27:06+00:00,R16_CONSOLIDATION,Consolidation of many small inputs,low,45b81ba07d020baf29720722a911e32b3d2992f5010e22ae78a3a23496f65d90,<address redacted>;<address redacted>;<address redacted>;<address redacted>;<address redacted>;<address redacted>;<address redacted>;<address redacted>;<address redacted>;<address redacted>;(+21 more),31,2.49191150,92620.61,"Merges 24 inputs of at most 0.01 BTC from 31 address(es) into 2.49191150 BTC (92,621 EUR).","FATF (2020) Red Flag Indicators of ML/TF - Virtual Assets - transactions: patterns; EBA ML/TF Risk Factors Guidelines (EBA/GL/2021/02 as amended by EBA/GL/2024/01), Guideline 21 (CASPs)"
20261009T222824Z-B00164,733459,2022-04-25T08:27:06+00:00,R16_CONSOLIDATION,Consolidation of many small inputs,low,02395fab3f558da9fe5ef1f46fa7fd92b409a9d890ee1d889ab2df48a10b53a8,<address redacted>;<address redacted>;<address redacted>;<address redacted>;<address redacted>;<address redacted>;<address redacted>;<address redacted>;<address redacted>;<address redacted>;(+33 more),43,2.48747107,92455.57,"Merges 34 inputs of at most 0.01 BTC from 43 address(es) into 2.48747107 BTC (92,456 EUR).","FATF (2020) Red Flag Indicators of ML/TF - Virtual Assets - transactions: patterns; EBA ML/TF Risk Factors Guidelines (EBA/GL/2021/02 as amended by EBA/GL/2024/01), Guideline 21 (CASPs)"
20261009T222824Z-B00165,733459,2022-04-25T08:27:06+00:00,R16_CONSOLIDATION,Consolidation of many small inputs,low,583fbfaee54b80f688ef4ae584e36497853c98ced509e9b0f4b083bd17939aeb,<address redacted>;<address redacted>;<address redacted>;<address redacted>;<address redacted>;<address redacted>;<address redacted>;<address redacted>;<address redacted>;<address redacted>;(+35 more),45,0.52291717,19436.05,"Merges 39 inputs of at most 0.01 BTC from 45 address(es) into 0.52291717 BTC (19,436 EUR).","FATF (2020) Red Flag Indicators of ML/TF - Virtual Assets - transactions: patterns; EBA ML/TF Risk Factors Guidelines (EBA/GL/2021/02 as amended by EBA/GL/2024/01), Guideline 21 (CASPs)"
20261009T222824Z-B00166,733459,2022-04-25T08:27:06+00:00,R16_CONSOLIDATION,Consolidation of many small inputs,low,1e4b42fe3f11d0b7a0ba1833e34ffb649c5619e3afca97d440e68001e05e3cfa,<address redacted>;<address redacted>;<address redacted>;<address redacted>;<address redacted>;<address redacted>;<address redacted>;<address redacted>;<address redacted>;<address redacted>;(+22 more),32,1.75413024,65198.39,"Merges 25 inputs of at most 0.01 BTC from 32 address(es) into 1.75413024 BTC (65,198 EUR).","FATF (2020) Red Flag Indicators of ML/TF - Virtual Assets - transactions: patterns; EBA ML/TF Risk Factors Guidelines (EBA/GL/2021/02 as amended by EBA/GL/2024/01), Guideline 21 (CASPs)"
20261009T222824Z-B00167,733459,2022-04-25T08:27:06+00:00,R09_FAN_OUT,Fan-out (many recipients),medium,3bf4afbb4e90ecad66c558ffbf62ca7b3e2eab76bd2b2b91bda0e9c26a42301b,<address redacted>,1,4.09180951,152086.42,"One transaction pays 20 distinct addresses (4.09180951 BTC (152,086 EUR)). Typical of exchange or pool batch payouts, but also of distribution to money mules.","FATF (2020) Red Flag Indicators of ML/TF - Virtual Assets - transactions: patterns; EBA ML/TF Risk Factors Guidelines (EBA/GL/2021/02 as amended by EBA/GL/2024/01), Guideline 21 (CASPs)"
20261009T222824Z-B00168,733459,2022-04-25T08:27:06+00:00,R14_LARGE_TRANSACTION,Large single transaction,medium,3bf4afbb4e90ecad66c558ffbf62ca7b3e2eab76bd2b2b91bda0e9c26a42301b,<address redacted>,1,4.08212521,151726.47,"Transfers 4.08212521 BTC (151,726 EUR) (excluding change, address reuse); EUR threshold 100,000.","FATF (2020) Red Flag Indicators of ML/TF - Virtual Assets - transactions: size and frequency; EBA ML/TF Risk Factors Guidelines (EBA/GL/2021/02 as amended by EBA/GL/2024/01), Guideline 21 (CASPs)"
20261009T222824Z-B00169,733459,2022-04-25T08:27:06+00:00,R14_LARGE_TRANSACTION,Large single transaction,medium,adcf3774b1ece5f544917b01d19a51cc2a54a4a4d8e76bde05fc43cfc2e3431b,<address redacted>;<address redacted>;<address redacted>;<address redacted>;<address redacted>;<address redacted>;<address redacted>;<address redacted>;<address redacted>;<address redacted>;(+43 more),53,2.76707310,102847.96,"Transfers 2.76707310 BTC (102,848 EUR); EUR threshold 100,000.","FATF (2020) Red Flag Indicators of ML/TF - Virtual Assets - transactions: size and frequency; EBA ML/TF Risk Factors Guidelines (EBA/GL/2021/02 as amended by EBA/GL/2024/01), Guideline 21 (CASPs)"
20261009T222824Z-B00170,733459,2022-04-25T08:27:06+00:00,R16_CONSOLIDATION,Consolidation of many small inputs,low,adcf3774b1ece5f544917b01d19a51cc2a54a4a4d8e76bde05fc43cfc2e3431b,<address redacted>;<address redacted>;<address redacted>;<address redacted>;<address redacted>;<address redacted>;<address redacted>;<address redacted>;<address redacted>;<address redacted>;(+43 more),53,2.76707310,102847.96,"Merges 45 inputs of at most 0.01 BTC from 53 address(es) into 2.76707310 BTC (102,848 EUR).","FATF (2020) Red Flag Indicators of ML/TF - Virtual Assets - transactions: patterns; EBA ML/TF Risk Factors Guidelines (EBA/GL/2021/02 as amended by EBA/GL/2024/01), Guideline 21 (CASPs)"
20261009T222824Z-B00171,733459,2022-04-25T08:27:06+00:00,R16_CONSOLIDATION,Consolidation of many small inputs,low,2147ed853f2bbc64e82c98bc3858dd499dcb842f3e1ef9e1697425b477ad5333,<address redacted>;<address redacted>;<address redacted>;<address redacted>;<address redacted>;<address redacted>;<address redacted>;<address redacted>;<address redacted>;<address redacted>;(+28 more),38,0.44726062,16624.01,"Merges 30 inputs of at most 0.01 BTC from 38 address(es) into 0.44726062 BTC (16,624 EUR).","FATF (2020) Red Flag Indicators of ML/TF - Virtual Assets - transactions: patterns; EBA ML/TF Risk Factors Guidelines (EBA/GL/2021/02 as amended by EBA/GL/2024/01), Guideline 21 (CASPs)"
20261009T222824Z-B00172,733459,2022-04-25T08:27:06+00:00,R14_LARGE_TRANSACTION,Large single transaction,medium,4e405290142718b76fdf90506cba9ded72f3da65c2545b065bb66df580966a3c,<address redacted>;<address redacted>;<address redacted>;<address redacted>;<address redacted>;<address redacted>;<address redacted>;<address redacted>;<address redacted>;<address redacted>;(+21 more),31,3.62410400,134702.51,"Transfers 3.62410400 BTC (134,703 EUR); EUR threshold 100,000.","FATF (2020) Red Flag Indicators of ML/TF - Virtual Assets - transactions: size and frequency; EBA ML/TF Risk Factors Guidelines (EBA/GL/2021/02 as amended by EBA/GL/2024/01), Guideline 21 (CASPs)"
20261009T222824Z-B00173,733459,2022-04-25T08:27:06+00:00,R16_CONSOLIDATION,Consolidation of many small inputs,low,4e405290142718b76fdf90506cba9ded72f3da65c2545b065bb66df580966a3c,<address redacted>;<address redacted>;<address redacted>;<address redacted>;<address redacted>;<address redacted>;<address redacted>;<address redacted>;<address redacted>;<address redacted>;(+21 more),31,3.62410400,134702.51,"Merges 22 inputs of at most 0.01 BTC from 31 address(es) into 3.62410400 BTC (134,703 EUR).","FATF (2020) Red Flag Indicators of ML/TF - Virtual Assets - transactions: patterns; EBA ML/TF Risk Factors Guidelines (EBA/GL/2021/02 as amended by EBA/GL/2024/01), Guideline 21 (CASPs)"
20261009T222824Z-B00174,733459,2022-04-25T08:27:06+00:00,R16_CONSOLIDATION,Consolidation of many small inputs,low,febd5d1851da512690b245bab03fca4f1f20bc11a1c23f3fd0abc9aeba252293,<address redacted>;<address redacted>;<address redacted>;<address redacted>;<address redacted>;<address redacted>;<address redacted>;<address redacted>;<address redacted>;<address redacted>;(+21 more),31,0.70467387,26191.67,"Merges 23 inputs of at most 0.01 BTC from 31 address(es) into 0.70467387 BTC (26,192 EUR).","FATF (2020) Red Flag Indicators of ML/TF - Virtual Assets - transactions: patterns; EBA ML/TF Risk Factors Guidelines (EBA/GL/2021/02 as amended by EBA/GL/2024/01), Guideline 21 (CASPs)"
20261009T222824Z-B00175,733459,2022-04-25T08:27:06+00:00,R16_CONSOLIDATION,Consolidation of many small inputs,low,3cb9a96730b4071ce9c9ddee6af9e9446bf978183ed7cbc4df28497743b225ad,<address redacted>;<address redacted>;<address redacted>;<address redacted>;<address redacted>;<address redacted>;<address redacted>;<address redacted>;<address redacted>;<address redacted>;(+20 more),30,0.42830773,15919.56,"Merges 25 inputs of at most 0.01 BTC from 30 address(es) into 0.42830773 BTC (15,920 EUR).","FATF (2020) Red Flag Indicators of ML/TF - Virtual Assets - transactions: patterns; EBA ML/TF Risk Factors Guidelines (EBA/GL/2021/02 as amended by EBA/GL/2024/01), Guideline 21 (CASPs)"
20261009T222824Z-B00176,733459,2022-04-25T08:27:06+00:00,R09_FAN_OUT,Fan-out (many recipients),medium,da2824f13e9862d37b00a86de9d1cf40bf336aaf7f828d5943bd1bd03499961c,<address redacted>,1,2.77235587,103044.31,"One transaction pays 25 distinct addresses (2.77235587 BTC (103,044 EUR)). Typical of exchange or pool batch payouts, but also of distribution to money mules.","FATF (2020) Red Flag Indicators of ML/TF - Virtual Assets - transactions: patterns; EBA ML/TF Risk Factors Guidelines (EBA/GL/2021/02 as amended by EBA/GL/2024/01), Guideline 21 (CASPs)"
20261009T222824Z-B00177,733459,2022-04-25T08:27:06+00:00,R14_LARGE_TRANSACTION,Large single transaction,medium,da2824f13e9862d37b00a86de9d1cf40bf336aaf7f828d5943bd1bd03499961c,<address redacted>,1,2.76261023,102682.08,"Transfers 2.76261023 BTC (102,682 EUR) (excluding change, address reuse); EUR threshold 100,000.","FATF (2020) Red Flag Indicators of ML/TF - Virtual Assets - transactions: size and frequency; EBA ML/TF Risk Factors Guidelines (EBA/GL/2021/02 as amended by EBA/GL/2024/01), Guideline 21 (CASPs)"
20261009T222824Z-B00178,733459,2022-04-25T08:27:06+00:00,R14_LARGE_TRANSACTION,Large single transaction,medium,8d5923e2c85b1a5208e4a72b9b98d889d8a86af0ab6fb827780a63510e59f2b4,<address redacted>,1,3.89997214,144956.11,"Transfers 3.89997214 BTC (144,956 EUR); EUR threshold 100,000.","FATF (2020) Red Flag Indicators of ML/TF - Virtual Assets - transactions: size and frequency; EBA ML/TF Risk Factors Guidelines (EBA/GL/2021/02 as amended by EBA/GL/2024/01), Guideline 21 (CASPs)"
20261009T222824Z-B00179,733459,2022-04-25T08:27:06+00:00,R16_CONSOLIDATION,Consolidation of many small inputs,low,4a030f6943585f66ca3275cf6cb524ec702e9dac2358bba35d2901fc9c8b233b,<address redacted>;<address redacted>;<address redacted>;<address redacted>;<address redacted>;<address redacted>;<address redacted>;<address redacted>;<address redacted>;<address redacted>;(+57 more),67,2.27174343,84437.30,"Merges 49 inputs of at most 0.01 BTC from 67 address(es) into 2.27174343 BTC (84,437 EUR).","FATF (2020) Red Flag Indicators of ML/TF - Virtual Assets - transactions: patterns; EBA ML/TF Risk Factors Guidelines (EBA/GL/2021/02 as amended by EBA/GL/2024/01), Guideline 21 (CASPs)"
20261009T222824Z-B00180,733459,2022-04-25T08:27:06+00:00,R09_FAN_OUT,Fan-out (many recipients),medium,4978600f75b137aea701758af6c5bf457472bffe5e6a81754974495228362659,<address redacted>,1,93.32958109,3468920.53,"One transaction pays 31 distinct addresses (93.32958109 BTC (3,468,921 EUR)). Typical of exchange or pool batch payouts, but also of distribution to money mules.","FATF (2020) Red Flag Indicators of ML/TF - Virtual Assets - transactions: patterns; EBA ML/TF Risk Factors Guidelines (EBA/GL/2021/02 as amended by EBA/GL/2024/01), Guideline 21 (CASPs)"
20261009T222824Z-B00181,733459,2022-04-25T08:27:06+00:00,R14_LARGE_TRANSACTION,Large single transaction,medium,4978600f75b137aea701758af6c5bf457472bffe5e6a81754974495228362659,<address redacted>,1,7.07181916,262848.91,"Transfers 7.07181916 BTC (262,849 EUR) (excluding change, script type matches inputs); EUR threshold 100,000.","FATF (2020) Red Flag Indicators of ML/TF - Virtual Assets - transactions: size and frequency; EBA ML/TF Risk Factors Guidelines (EBA/GL/2021/02 as amended by EBA/GL/2024/01), Guideline 21 (CASPs)"
20261009T222824Z-B00182,733459,2022-04-25T08:27:06+00:00,R16_CONSOLIDATION,Consolidation of many small inputs,low,2055f881244b810e06dcf49163feaecc142e5f2cef5b4b6b153aeec46b760578,<address redacted>;<address redacted>;<address redacted>;<address redacted>;<address redacted>;<address redacted>;<address redacted>;<address redacted>;<address redacted>;<address redacted>;(+16 more),26,1.44232048,53608.89,"Merges 20 inputs of at most 0.01 BTC from 26 address(es) into 1.44232048 BTC (53,609 EUR).","FATF (2020) Red Flag Indicators of ML/TF - Virtual Assets - transactions: patterns; EBA ML/TF Risk Factors Guidelines (EBA/GL/2021/02 as amended by EBA/GL/2024/01), Guideline 21 (CASPs)"
20261009T222824Z-B00183,733459,2022-04-25T08:27:06+00:00,R16_CONSOLIDATION,Consolidation of many small inputs,low,ca6bc5c498ac3d62e0b2fc86db9d3970dc4520932da03d9ae8edfb845cdda2b8,<address redacted>;<address redacted>;<address redacted>;<address redacted>;<address redacted>;<address redacted>;<address redacted>;<address redacted>;<address redacted>;<address redacted>;(+31 more),41,2.40103166,89242.75,"Merges 31 inputs of at most 0.01 BTC from 41 address(es) into 2.40103166 BTC (89,243 EUR).","FATF (2020) Red Flag Indicators of ML/TF - Virtual Assets - transactions: patterns; EBA ML/TF Risk Factors Guidelines (EBA/GL/2021/02 as amended by EBA/GL/2024/01), Guideline 21 (CASPs)"
20261009T222824Z-B00184,733459,2022-04-25T08:27:06+00:00,R16_CONSOLIDATION,Consolidation of many small inputs,low,7cfc65ceb8fbb8e95159bee9a5a47276d9717ce86e5b08c678bf02128c66f5d7,<address redacted>;<address redacted>;<address redacted>;<address redacted>;<address redacted>;<address redacted>;<address redacted>;<address redacted>;<address redacted>;<address redacted>;(+21 more),31,1.20353603,44733.63,"Merges 24 inputs of at most 0.01 BTC from 31 address(es) into 1.20353603 BTC (44,734 EUR).","FATF (2020) Red Flag Indicators of ML/TF - Virtual Assets - transactions: patterns; EBA ML/TF Risk Factors Guidelines (EBA/GL/2021/02 as amended by EBA/GL/2024/01), Guideline 21 (CASPs)"
20261009T222824Z-B00185,733459,2022-04-25T08:27:06+00:00,R16_CONSOLIDATION,Consolidation of many small inputs,low,1d427d55ba48e34392a0928fde7bb6a3132490e7eb86135c42a36e7dc5d9fd33,<address redacted>;<address redacted>;<address redacted>;<address redacted>;<address redacted>;<address redacted>;<address redacted>;<address redacted>;<address redacted>;<address redacted>;(+17 more),27,0.58559802,21765.80,"Merges 20 inputs of at most 0.01 BTC from 27 address(es) into 0.58559802 BTC (21,766 EUR).","FATF (2020) Red Flag Indicators of ML/TF - Virtual Assets - transactions: patterns; EBA ML/TF Risk Factors Guidelines (EBA/GL/2021/02 as amended by EBA/GL/2024/01), Guideline 21 (CASPs)"
20261009T222824Z-B00186,733459,2022-04-25T08:27:06+00:00,R09_FAN_OUT,Fan-out (many recipients),medium,f1730cc682648cfebdd6cf313b31dc7478d4166f34ee8ef14ef64c2ada2c7700,<address redacted>,1,2.27698258,84632.03,"One transaction pays 22 distinct addresses (2.27698258 BTC (84,632 EUR)). Typical of exchange or pool batch payouts, but also of distribution to money mules.","FATF (2020) Red Flag Indicators of ML/TF - Virtual Assets - transactions: patterns; EBA ML/TF Risk Factors Guidelines (EBA/GL/2021/02 as amended by EBA/GL/2024/01), Guideline 21 (CASPs)"
20261009T222824Z-B00187,733459,2022-04-25T08:27:06+00:00,R16_CONSOLIDATION,Consolidation of many small inputs,low,cfcdaa52c2e9bc6c6a403c3986a98479c65d5201297477758c2f139307c07e06,<address redacted>;<address redacted>;<address redacted>;<address redacted>;<address redacted>;<address redacted>;<address redacted>;<address redacted>;<address redacted>;<address redacted>;(+21 more),31,1.33959785,49790.84,"Merges 26 inputs of at most 0.01 BTC from 31 address(es) into 1.33959785 BTC (49,791 EUR).","FATF (2020) Red Flag Indicators of ML/TF - Virtual Assets - transactions: patterns; EBA ML/TF Risk Factors Guidelines (EBA/GL/2021/02 as amended by EBA/GL/2024/01), Guideline 21 (CASPs)"
20261009T222824Z-B00188,733459,2022-04-25T08:27:06+00:00,R14_LARGE_TRANSACTION,Large single transaction,medium,9e95718fb12e5155c689b5dabf90b02aa06dd39ec281263d967c1adbfe4c990d,<address redacted>;<address redacted>;<address redacted>;<address redacted>;<address redacted>;<address redacted>;<address redacted>;<address redacted>;<address redacted>;<address redacted>;(+39 more),49,8.75533524,325422.68,"Transfers 8.75533524 BTC (325,423 EUR); EUR threshold 100,000.","FATF (2020) Red Flag Indicators of ML/TF - Virtual Assets - transactions: size and frequency; EBA ML/TF Risk Factors Guidelines (EBA/GL/2021/02 as amended by EBA/GL/2024/01), Guideline 21 (CASPs)"
20261009T222824Z-B00189,733459,2022-04-25T08:27:06+00:00,R16_CONSOLIDATION,Consolidation of many small inputs,low,9e95718fb12e5155c689b5dabf90b02aa06dd39ec281263d967c1adbfe4c990d,<address redacted>;<address redacted>;<address redacted>;<address redacted>;<address redacted>;<address redacted>;<address redacted>;<address redacted>;<address redacted>;<address redacted>;(+39 more),49,8.75533524,325422.68,"Merges 41 inputs of at most 0.01 BTC from 49 address(es) into 8.75533524 BTC (325,423 EUR).","FATF (2020) Red Flag Indicators of ML/TF - Virtual Assets - transactions: patterns; EBA ML/TF Risk Factors Guidelines (EBA/GL/2021/02 as amended by EBA/GL/2024/01), Guideline 21 (CASPs)"
20261009T222824Z-B00190,733459,2022-04-25T08:27:06+00:00,R16_CONSOLIDATION,Consolidation of many small inputs,low,03608ce1fa71369d855fd4c9ba4fa676fd7cbc9043f493494eaf77cab4613e1b,<address redacted>;<address redacted>;<address redacted>;<address redacted>;<address redacted>;<address redacted>;<address redacted>;<address redacted>;<address redacted>;<address redacted>;(+21 more),31,0.53984490,20065.23,"Merges 22 inputs of at most 0.01 BTC from 31 address(es) into 0.53984490 BTC (20,065 EUR).","FATF (2020) Red Flag Indicators of ML/TF - Virtual Assets - transactions: patterns; EBA ML/TF Risk Factors Guidelines (EBA/GL/2021/02 as amended by EBA/GL/2024/01), Guideline 21 (CASPs)"
20261009T222824Z-B00191,733459,2022-04-25T08:27:06+00:00,R16_CONSOLIDATION,Consolidation of many small inputs,low,997e9b013849c0d49e94e780967e936a0f1bf47032769d20b6d68c89ea688e32,<address redacted>;<address redacted>;<address redacted>;<address redacted>;<address redacted>;<address redacted>;<address redacted>;<address redacted>;<address redacted>;<address redacted>;(+27 more),37,0.42504602,15798.32,"Merges 28 inputs of at most 0.01 BTC from 37 address(es) into 0.42504602 BTC (15,798 EUR).","FATF (2020) Red Flag Indicators of ML/TF - Virtual Assets - transactions: patterns; EBA ML/TF Risk Factors Guidelines (EBA/GL/2021/02 as amended by EBA/GL/2024/01), Guideline 21 (CASPs)"
20261009T222824Z-B00192,733459,2022-04-25T08:27:06+00:00,R16_CONSOLIDATION,Consolidation of many small inputs,low,31c23dc9a329d2fadd149ff4a62b7cc8b85bc402416445ac0ef3f05ce2799487,<address redacted>;<address redacted>;<address redacted>;<address redacted>;<address redacted>;<address redacted>;<address redacted>;<address redacted>;<address redacted>;<address redacted>;(+22 more),32,0.47610031,17695.93,"Merges 23 inputs of at most 0.01 BTC from 32 address(es) into 0.47610031 BTC (17,696 EUR).","FATF (2020) Red Flag Indicators of ML/TF - Virtual Assets - transactions: patterns; EBA ML/TF Risk Factors Guidelines (EBA/GL/2021/02 as amended by EBA/GL/2024/01), Guideline 21 (CASPs)"
20261009T222824Z-B00193,733459,2022-04-25T08:27:06+00:00,R16_CONSOLIDATION,Consolidation of many small inputs,low,a0de2b43aded2a4203ba2f3bd7b51b97b9c72103255e02f128eff01d106ebd8e,<address redacted>;<address redacted>;<address redacted>;<address redacted>;<address redacted>;<address redacted>;<address redacted>;<address redacted>;<address redacted>;<address redacted>;(+29 more),39,0.60715113,22566.90,"Merges 31 inputs of at most 0.01 BTC from 39 address(es) into 0.60715113 BTC (22,567 EUR).","FATF (2020) Red Flag Indicators of ML/TF - Virtual Assets - transactions: patterns; EBA ML/TF Risk Factors Guidelines (EBA/GL/2021/02 as amended by EBA/GL/2024/01), Guideline 21 (CASPs)"
20261009T222824Z-B00194,733459,2022-04-25T08:27:06+00:00,R14_LARGE_TRANSACTION,Large single transaction,medium,5426edee8966dc88f48838aa309cf7237ad251db92c69cc225b0a3d80073ba6f,<address redacted>,1,8.74868257,325175.41,"Transfers 8.74868257 BTC (325,175 EUR) (excluding change, address reuse); EUR threshold 100,000.","FATF (2020) Red Flag Indicators of ML/TF - Virtual Assets - transactions: size and frequency; EBA ML/TF Risk Factors Guidelines (EBA/GL/2021/02 as amended by EBA/GL/2024/01), Guideline 21 (CASPs)"
20261009T222824Z-B00195,733459,2022-04-25T08:27:06+00:00,R09_FAN_OUT,Fan-out (many recipients),medium,b1ff139306b55472a128e7ad78bdb4ac6b1fbaa760bca5b19553b568ddd89138,<address redacted>;<address redacted>;<address redacted>;<address redacted>;<address redacted>;<address redacted>;<address redacted>;<address redacted>;<address redacted>,9,0.21831833,8114.56,"One transaction pays 22 distinct addresses (0.21831833 BTC (8,115 EUR)). Typical of exchange or pool batch payouts, but also of distribution to money mules.","FATF (2020) Red Flag Indicators of ML/TF - Virtual Assets - transactions: patterns; EBA ML/TF Risk Factors Guidelines (EBA/GL/2021/02 as amended by EBA/GL/2024/01), Guideline 21 (CASPs)"
20261009T222824Z-B00196,733459,2022-04-25T08:27:06+00:00,R14_LARGE_TRANSACTION,Large single transaction,medium,5f6657d1d803fbb7ec1a005383b0cc57c58a38e5d9157cf1089e5bb455941528,<address redacted>,1,6.68544652,248488.02,"Transfers 6.68544652 BTC (248,488 EUR); EUR threshold 100,000.","FATF (2020) Red Flag Indicators of ML/TF - Virtual Assets - transactions: size and frequency; EBA ML/TF Risk Factors Guidelines (EBA/GL/2021/02 as amended by EBA/GL/2024/01), Guideline 21 (CASPs)"
20261009T222824Z-B00197,733459,2022-04-25T08:27:06+00:00,R14_LARGE_TRANSACTION,Large single transaction,medium,00ccfebf6a0f2058eff85fd983a1821097217d8862c27210d0016a212f009229,<address redacted>,1,6.67675045,248164.80,"Transfers 6.67675045 BTC (248,165 EUR); EUR threshold 100,000.","FATF (2020) Red Flag Indicators of ML/TF - Virtual Assets - transactions: size and frequency; EBA ML/TF Risk Factors Guidelines (EBA/GL/2021/02 as amended by EBA/GL/2024/01), Guideline 21 (CASPs)"
20261009T222824Z-B00198,733459,2022-04-25T08:27:06+00:00,R14_LARGE_TRANSACTION,Large single transaction,medium,9585704c923cdf9d2e0bf69489925e250f4ab9913285ffbbdbfe556d6c1f7d24,<address redacted>,1,6.59025249,244949.80,"Transfers 6.59025249 BTC (244,950 EUR); EUR threshold 100,000.","FATF (2020) Red Flag Indicators of ML/TF - Virtual Assets - transactions: size and frequency; EBA ML/TF Risk Factors Guidelines (EBA/GL/2021/02 as amended by EBA/GL/2024/01), Guideline 21 (CASPs)"
20261009T222824Z-B00199,733459,2022-04-25T08:27:06+00:00,R14_LARGE_TRANSACTION,Large single transaction,medium,8acbfe5e9dac188bbb9faf16b2cd40d44809ae1464a39dd3b12a424d78df9e19,<address redacted>,1,6.57031425,244208.73,"Transfers 6.57031425 BTC (244,209 EUR); EUR threshold 100,000.","FATF (2020) Red Flag Indicators of ML/TF - Virtual Assets - transactions: size and frequency; EBA ML/TF Risk Factors Guidelines (EBA/GL/2021/02 as amended by EBA/GL/2024/01), Guideline 21 (CASPs)"
20261009T222824Z-B00200,733459,2022-04-25T08:27:06+00:00,R14_LARGE_TRANSACTION,Large single transaction,medium,0b7f23cda695bc120913e9a95a7be439b687694fc8b17a73bb6f5114cf243d28,<address redacted>,1,6.55602277,243677.53,"Transfers 6.55602277 BTC (243,678 EUR); EUR threshold 100,000.","FATF (2020) Red Flag Indicators of ML/TF - Virtual Assets - transactions: size and frequency; EBA ML/TF Risk Factors Guidelines (EBA/GL/2021/02 as amended by EBA/GL/2024/01), Guideline 21 (CASPs)"
20261009T222824Z-B00201,733459,2022-04-25T08:27:06+00:00,R14_LARGE_TRANSACTION,Large single transaction,medium,77d43b5fe49124d4fd3df735ab5a90f13c6a7529b5d21db793adfe2726abf860,<address redacted>,1,6.52088433,242371.49,"Transfers 6.52088433 BTC (242,371 EUR); EUR threshold 100,000.","FATF (2020) Red Flag Indicators of ML/TF - Virtual Assets - transactions: size and frequency; EBA ML/TF Risk Factors Guidelines (EBA/GL/2021/02 as amended by EBA/GL/2024/01), Guideline 21 (CASPs)"
20261009T222824Z-B00202,733459,2022-04-25T08:27:06+00:00,R14_LARGE_TRANSACTION,Large single transaction,medium,61f21c79fb347e768e074421b8edc2262d716b1f34dd810626372fa9a20ef585,<address redacted>,1,6.42194553,238694.08,"Transfers 6.42194553 BTC (238,694 EUR); EUR threshold 100,000.","FATF (2020) Red Flag Indicators of ML/TF - Virtual Assets - transactions: size and frequency; EBA ML/TF Risk Factors Guidelines (EBA/GL/2021/02 as amended by EBA/GL/2024/01), Guideline 21 (CASPs)"
20261009T222824Z-B00203,733459,2022-04-25T08:27:06+00:00,R14_LARGE_TRANSACTION,Large single transaction,medium,71f3505052b23a90f69fd08e0670cbfabddbb07d5f1fc96daf6d201dd9de783d,<address redacted>,1,6.36290452,236499.62,"Transfers 6.36290452 BTC (236,500 EUR); EUR threshold 100,000.","FATF (2020) Red Flag Indicators of ML/TF - Virtual Assets - transactions: size and frequency; EBA ML/TF Risk Factors Guidelines (EBA/GL/2021/02 as amended by EBA/GL/2024/01), Guideline 21 (CASPs)"
20261009T222824Z-B00204,733459,2022-04-25T08:27:06+00:00,R14_LARGE_TRANSACTION,Large single transaction,medium,42de9ca585ab6399e21891191b1b9b514ed0ff355e62a55da1343741fecabf5a,<address redacted>,1,6.32585553,235122.56,"Transfers 6.32585553 BTC (235,123 EUR); EUR threshold 100,000.","FATF (2020) Red Flag Indicators of ML/TF - Virtual Assets - transactions: size and frequency; EBA ML/TF Risk Factors Guidelines (EBA/GL/2021/02 as amended by EBA/GL/2024/01), Guideline 21 (CASPs)"
20261009T222824Z-B00205,733459,2022-04-25T08:27:06+00:00,R14_LARGE_TRANSACTION,Large single transaction,medium,c26545fd7d9db2c4734502e616889fcde1393dc94d9561e4f2c4f43264474435,<address redacted>,1,6.21966716,231175.70,"Transfers 6.21966716 BTC (231,176 EUR); EUR threshold 100,000.","FATF (2020) Red Flag Indicators of ML/TF - Virtual Assets - transactions: size and frequency; EBA ML/TF Risk Factors Guidelines (EBA/GL/2021/02 as amended by EBA/GL/2024/01), Guideline 21 (CASPs)"
20261009T222824Z-B00206,733459,2022-04-25T08:27:06+00:00,R14_LARGE_TRANSACTION,Large single transaction,medium,bb88272093758fcbe56610fa7970ea3039971ef68c40d662350f913f8f7ee31d,<address redacted>,1,6.17320675,229448.84,"Transfers 6.17320675 BTC (229,449 EUR); EUR threshold 100,000.","FATF (2020) Red Flag Indicators of ML/TF - Virtual Assets - transactions: size and frequency; EBA ML/TF Risk Factors Guidelines (EBA/GL/2021/02 as amended by EBA/GL/2024/01), Guideline 21 (CASPs)"
20261009T222824Z-B00207,733459,2022-04-25T08:27:06+00:00,R14_LARGE_TRANSACTION,Large single transaction,medium,472e49dce7f81a9ff700bdcb86b48d48412ddc6392c14363d65527d5c1014b25,<address redacted>,1,2.99998688,111505.01,"Transfers 2.99998688 BTC (111,505 EUR); EUR threshold 100,000.","FATF (2020) Red Flag Indicators of ML/TF - Virtual Assets - transactions: size and frequency; EBA ML/TF Risk Factors Guidelines (EBA/GL/2021/02 as amended by EBA/GL/2024/01), Guideline 21 (CASPs)"
20261009T222824Z-B00208,733459,2022-04-25T08:27:06+00:00,R14_LARGE_TRANSACTION,Large single transaction,medium,d5cf34e22efa4be9c3943058ec94b72b9c49ff2c82aab6aaadfb090e71d5b7d6,<address redacted>,1,2.99698316,111393.37,"Transfers 2.99698316 BTC (111,393 EUR); EUR threshold 100,000.","FATF (2020) Red Flag Indicators of ML/TF - Virtual Assets - transactions: size and frequency; EBA ML/TF Risk Factors Guidelines (EBA/GL/2021/02 as amended by EBA/GL/2024/01), Guideline 21 (CASPs)"
20261009T222824Z-B00209,733459,2022-04-25T08:27:06+00:00,R09_FAN_OUT,Fan-out (many recipients),medium,a42a799870539fe0e74dd60695902e5865abc772b3420bba4d258e254068605a,<address redacted>,1,58.33627470,2168271.83,"One transaction pays 27 distinct addresses (58.33627470 BTC (2,168,272 EUR)). Typical of exchange or pool batch payouts, but also of distribution to money mules.","FATF (2020) Red Flag Indicators of ML/TF - Virtual Assets - transactions: patterns; EBA ML/TF Risk Factors Guidelines (EBA/GL/2021/02 as amended by EBA/GL/2024/01), Guideline 21 (CASPs)"
20261009T222824Z-B00210,733459,2022-04-25T08:27:06+00:00,R14_LARGE_TRANSACTION,Large single transaction,medium,a42a799870539fe0e74dd60695902e5865abc772b3420bba4d258e254068605a,<address redacted>,1,58.33627470,2168271.83,"Transfers 58.33627470 BTC (2,168,272 EUR); EUR threshold 100,000.","FATF (2020) Red Flag Indicators of ML/TF - Virtual Assets - transactions: size and frequency; EBA ML/TF Risk Factors Guidelines (EBA/GL/2021/02 as amended by EBA/GL/2024/01), Guideline 21 (CASPs)"
20261009T222824Z-B00211,733459,2022-04-25T08:27:06+00:00,R14_LARGE_TRANSACTION,Large single transaction,medium,5cce907991dd6c38d923b2eeb0dec690a1a18e6a6fd82539d63fa838c3ebbb8a,<address redacted>;<address redacted>,2,10.00000000,371685.00,"Transfers 10.00000000 BTC (371,685 EUR); EUR threshold 100,000.","FATF (2020) Red Flag Indicators of ML/TF - Virtual Assets - transactions: size and frequency; EBA ML/TF Risk Factors Guidelines (EBA/GL/2021/02 as amended by EBA/GL/2024/01), Guideline 21 (CASPs)"
20261009T222824Z-B00212,733459,2022-04-25T08:27:06+00:00,R16_CONSOLIDATION,Consolidation of many small inputs,low,2119ef6f6cd2d73ff38d1b69058eb468efbd0ebaa5e1d372656d710dee3166db,<address redacted>;<address redacted>;<address redacted>;<address redacted>;<address redacted>;<address redacted>;<address redacted>;<address redacted>;<address redacted>;<address redacted>;(+17 more),27,1.83580000,68233.93,"Merges 25 inputs of at most 0.01 BTC from 27 address(es) into 1.83580000 BTC (68,234 EUR).","FATF (2020) Red Flag Indicators of ML/TF - Virtual Assets - transactions: patterns; EBA ML/TF Risk Factors Guidelines (EBA/GL/2021/02 as amended by EBA/GL/2024/01), Guideline 21 (CASPs)"
20261009T222824Z-B00213,733459,2022-04-25T08:27:06+00:00,R14_LARGE_TRANSACTION,Large single transaction,medium,c30021381fc9d8019f49357f17ca282ab1dd33829dd4cd916e5bc91c1c29963d,<address redacted>,1,20.00000000,743370.00,"Transfers 20.00000000 BTC (743,370 EUR) (excluding change, script type matches inputs); EUR threshold 100,000.","FATF (2020) Red Flag Indicators of ML/TF - Virtual Assets - transactions: size and frequency; EBA ML/TF Risk Factors Guidelines (EBA/GL/2021/02 as amended by EBA/GL/2024/01), Guideline 21 (CASPs)"
20261009T222824Z-B00214,733459,2022-04-25T08:27:06+00:00,R14_LARGE_TRANSACTION,Large single transaction,medium,f8ea5fdb49e33897e32f28dc634f6c9c0cc68effb04672cb2cc4cda5fa285803,<address redacted>;<address redacted>;<address redacted>;<address redacted>;<address redacted>;<address redacted>;<address redacted>;<address redacted>;<address redacted>;<address redacted>;(+8 more),18,20.05729847,745499.70,"Transfers 20.05729847 BTC (745,500 EUR); EUR threshold 100,000.","FATF (2020) Red Flag Indicators of ML/TF - Virtual Assets - transactions: size and frequency; EBA ML/TF Risk Factors Guidelines (EBA/GL/2021/02 as amended by EBA/GL/2024/01), Guideline 21 (CASPs)"
20261009T222824Z-B00215,733459,2022-04-25T08:27:06+00:00,R16_CONSOLIDATION,Consolidation of many small inputs,low,02e0a8f26ba8e0bd4bdea9e596e18073418af7ee69e056e69d2b5e3dde6d6863,<address redacted>;<address redacted>;<address redacted>;<address redacted>;<address redacted>;<address redacted>;<address redacted>;<address redacted>;<address redacted>;<address redacted>;(+14 more),24,0.96331290,35804.90,"Merges 20 inputs of at most 0.01 BTC from 24 address(es) into 0.96331290 BTC (35,805 EUR).","FATF (2020) Red Flag Indicators of ML/TF - Virtual Assets - transactions: patterns; EBA ML/TF Risk Factors Guidelines (EBA/GL/2021/02 as amended by EBA/GL/2024/01), Guideline 21 (CASPs)"
20261009T222824Z-B00216,733459,2022-04-25T08:27:06+00:00,R16_CONSOLIDATION,Consolidation of many small inputs,low,bc6dbe54f3ee6088f3640af33c498bc3b534ca7cb4b458480ac52bdcbdf665dd,<address redacted>;<address redacted>;<address redacted>;<address redacted>;<address redacted>;<address redacted>;<address redacted>;<address redacted>;<address redacted>;<address redacted>;(+16 more),26,1.96716901,73116.72,"Merges 24 inputs of at most 0.01 BTC from 26 address(es) into 1.96716901 BTC (73,117 EUR).","FATF (2020) Red Flag Indicators of ML/TF - Virtual Assets - transactions: patterns; EBA ML/TF Risk Factors Guidelines (EBA/GL/2021/02 as amended by EBA/GL/2024/01), Guideline 21 (CASPs)"
20261009T222824Z-B00217,733459,2022-04-25T08:27:06+00:00,R16_CONSOLIDATION,Consolidation of many small inputs,low,9f2bff9817ce1c0bfe0f17dba6eab8687aec58db8d916c5266a15b2f790873dc,<address redacted>;<address redacted>;<address redacted>;<address redacted>;<address redacted>;<address redacted>;<address redacted>;<address redacted>;<address redacted>;<address redacted>;(+28 more),38,1.21690145,45230.40,"Merges 32 inputs of at most 0.01 BTC from 38 address(es) into 1.21690145 BTC (45,230 EUR).","FATF (2020) Red Flag Indicators of ML/TF - Virtual Assets - transactions: patterns; EBA ML/TF Risk Factors Guidelines (EBA/GL/2021/02 as amended by EBA/GL/2024/01), Guideline 21 (CASPs)"
20261009T222824Z-B00218,733459,2022-04-25T08:27:06+00:00,R16_CONSOLIDATION,Consolidation of many small inputs,low,f3a1e083f44a42c6c0880840feff063c818663d26d44b48d516d6ce21e822d64,<address redacted>;<address redacted>;<address redacted>;<address redacted>;<address redacted>;<address redacted>;<address redacted>;<address redacted>;<address redacted>;<address redacted>;(+16 more),26,1.16254962,43210.23,"Merges 20 inputs of at most 0.01 BTC from 26 address(es) into 1.16254962 BTC (43,210 EUR).","FATF (2020) Red Flag Indicators of ML/TF - Virtual Assets - transactions: patterns; EBA ML/TF Risk Factors Guidelines (EBA/GL/2021/02 as amended by EBA/GL/2024/01), Guideline 21 (CASPs)"
20261009T222824Z-B00219,733459,2022-04-25T08:27:06+00:00,R14_LARGE_TRANSACTION,Large single transaction,medium,efd23d851d257525c2c9cfbe6207c7c1a669ed9c8e23a33bb309ddeb4cceb257,<address redacted>;<address redacted>;<address redacted>;<address redacted>;<address redacted>;<address redacted>;<address redacted>;<address redacted>;<address redacted>;<address redacted>;(+8 more),18,8.72165159,324170.71,"Transfers 8.72165159 BTC (324,171 EUR); EUR threshold 100,000.","FATF (2020) Red Flag Indicators of ML/TF - Virtual Assets - transactions: size and frequency; EBA ML/TF Risk Factors Guidelines (EBA/GL/2021/02 as amended by EBA/GL/2024/01), Guideline 21 (CASPs)"
20261009T222824Z-B00220,733459,2022-04-25T08:27:06+00:00,R14_LARGE_TRANSACTION,Large single transaction,medium,eebc49b45810d827847d287cee70d2385992ef9023aa772a34ce2e0f1487facb,<address redacted>;<address redacted>;<address redacted>;<address redacted>;<address redacted>;<address redacted>;<address redacted>;<address redacted>;<address redacted>;<address redacted>;(+13 more),23,2.76003819,102586.48,"Transfers 2.76003819 BTC (102,586 EUR); EUR threshold 100,000.","FATF (2020) Red Flag Indicators of ML/TF - Virtual Assets - transactions: size and frequency; EBA ML/TF Risk Factors Guidelines (EBA/GL/2021/02 as amended by EBA/GL/2024/01), Guideline 21 (CASPs)"
20261009T222824Z-B00221,733459,2022-04-25T08:27:06+00:00,R16_CONSOLIDATION,Consolidation of many small inputs,low,2eec55af91319c60dbbe18173539f68d72efe3313c3d099a58509cf7b9f849af,<address redacted>;<address redacted>;<address redacted>;<address redacted>;<address redacted>;<address redacted>;<address redacted>;<address redacted>;<address redacted>;<address redacted>;(+17 more),27,0.46240372,17186.85,"Merges 23 inputs of at most 0.01 BTC from 27 address(es) into 0.46240372 BTC (17,187 EUR).","FATF (2020) Red Flag Indicators of ML/TF - Virtual Assets - transactions: patterns; EBA ML/TF Risk Factors Guidelines (EBA/GL/2021/02 as amended by EBA/GL/2024/01), Guideline 21 (CASPs)"
20261009T222824Z-B00222,733459,2022-04-25T08:27:06+00:00,R16_CONSOLIDATION,Consolidation of many small inputs,low,2b102c513db3abd86f1a5376fc92433b9d156680031c15bfa0ed5c5142859551,<address redacted>;<address redacted>;<address redacted>;<address redacted>;<address redacted>;<address redacted>;<address redacted>;<address redacted>;<address redacted>;<address redacted>;(+22 more),32,0.70528707,26214.46,"Merges 20 inputs of at most 0.01 BTC from 32 address(es) into 0.70528707 BTC (26,214 EUR).","FATF (2020) Red Flag Indicators of ML/TF - Virtual Assets - transactions: patterns; EBA ML/TF Risk Factors Guidelines (EBA/GL/2021/02 as amended by EBA/GL/2024/01), Guideline 21 (CASPs)"
20261009T222824Z-B00223,733459,2022-04-25T08:27:06+00:00,R16_CONSOLIDATION,Consolidation of many small inputs,low,712177eeca691ab5f5f036f93f552314f89d0deec1233c65e57f2a4087bfafd1,<address redacted>;<address redacted>;<address redacted>;<address redacted>;<address redacted>;<address redacted>;<address redacted>;<address redacted>;<address redacted>;<address redacted>;(+21 more),31,0.73621110,27363.86,"Merges 28 inputs of at most 0.01 BTC from 31 address(es) into 0.73621110 BTC (27,364 EUR).","FATF (2020) Red Flag Indicators of ML/TF - Virtual Assets - transactions: patterns; EBA ML/TF Risk Factors Guidelines (EBA/GL/2021/02 as amended by EBA/GL/2024/01), Guideline 21 (CASPs)"
20261009T222824Z-B00224,733459,2022-04-25T08:27:06+00:00,R16_CONSOLIDATION,Consolidation of many small inputs,low,fcfcd19e73830a006c7a9def1774f233442f222f8af73566d08bba846b3024c9,<address redacted>;<address redacted>;<address redacted>;<address redacted>;<address redacted>;<address redacted>;<address redacted>;<address redacted>;<address redacted>;<address redacted>;(+15 more),25,0.64004422,23789.48,"Merges 21 inputs of at most 0.01 BTC from 25 address(es) into 0.64004422 BTC (23,789 EUR).","FATF (2020) Red Flag Indicators of ML/TF - Virtual Assets - transactions: patterns; EBA ML/TF Risk Factors Guidelines (EBA/GL/2021/02 as amended by EBA/GL/2024/01), Guideline 21 (CASPs)"
20261009T222824Z-B00225,733459,2022-04-25T08:27:06+00:00,R16_CONSOLIDATION,Consolidation of many small inputs,low,fd4370ae3d737b2f20a1e454b794eb777e7570a29997a08a925e83136ef2c68d,<address redacted>;<address redacted>;<address redacted>;<address redacted>;<address redacted>;<address redacted>;<address redacted>;<address redacted>;<address redacted>;<address redacted>;(+19 more),29,2.57594785,95744.12,"Merges 24 inputs of at most 0.01 BTC from 29 address(es) into 2.57594785 BTC (95,744 EUR).","FATF (2020) Red Flag Indicators of ML/TF - Virtual Assets - transactions: patterns; EBA ML/TF Risk Factors Guidelines (EBA/GL/2021/02 as amended by EBA/GL/2024/01), Guideline 21 (CASPs)"
20261009T222824Z-B00226,733459,2022-04-25T08:27:06+00:00,R16_CONSOLIDATION,Consolidation of many small inputs,low,912f36073086c28788c02c5a83609eebb66b2a35b021a7335c3d15db576a718c,<address redacted>;<address redacted>;<address redacted>;<address redacted>;<address redacted>;<address redacted>;<address redacted>;<address redacted>;<address redacted>;<address redacted>;(+18 more),28,0.52632836,19562.84,"Merges 22 inputs of at most 0.01 BTC from 28 address(es) into 0.52632836 BTC (19,563 EUR).","FATF (2020) Red Flag Indicators of ML/TF - Virtual Assets - transactions: patterns; EBA ML/TF Risk Factors Guidelines (EBA/GL/2021/02 as amended by EBA/GL/2024/01), Guideline 21 (CASPs)"
20261009T222824Z-B00227,733459,2022-04-25T08:27:06+00:00,R16_CONSOLIDATION,Consolidation of many small inputs,low,0b31c4056e6fbacad64518cb112a544132c6ba492b978a592f9483fe3d1077fa,<address redacted>;<address redacted>;<address redacted>;<address redacted>;<address redacted>;<address redacted>;<address redacted>;<address redacted>;<address redacted>;<address redacted>;(+36 more),46,0.49552248,18417.83,"Merges 33 inputs of at most 0.01 BTC from 46 address(es) into 0.49552248 BTC (18,418 EUR).","FATF (2020) Red Flag Indicators of ML/TF - Virtual Assets - transactions: patterns; EBA ML/TF Risk Factors Guidelines (EBA/GL/2021/02 as amended by EBA/GL/2024/01), Guideline 21 (CASPs)"
20261009T222824Z-B00228,733459,2022-04-25T08:27:06+00:00,R16_CONSOLIDATION,Consolidation of many small inputs,low,1f7fc42f234954479d91575e1287b3f6cf4be97a840d34d939aad589e74aaa27,<address redacted>;<address redacted>;<address redacted>;<address redacted>;<address redacted>;<address redacted>;<address redacted>;<address redacted>;<address redacted>;<address redacted>;(+22 more),32,1.22023129,45354.17,"Merges 20 inputs of at most 0.01 BTC from 32 address(es) into 1.22023129 BTC (45,354 EUR).","FATF (2020) Red Flag Indicators of ML/TF - Virtual Assets - transactions: patterns; EBA ML/TF Risk Factors Guidelines (EBA/GL/2021/02 as amended by EBA/GL/2024/01), Guideline 21 (CASPs)"
20261009T222824Z-B00229,733459,2022-04-25T08:27:06+00:00,R16_CONSOLIDATION,Consolidation of many small inputs,low,24ab2aba9c6cde1971964336f3ab02eb87e5c537ef5d44a75702b4b75762e0ae,<address redacted>;<address redacted>;<address redacted>;<address redacted>;<address redacted>;<address redacted>;<address redacted>;<address redacted>;<address redacted>;<address redacted>;(+22 more),32,0.50398252,18732.27,"Merges 24 inputs of at most 0.01 BTC from 32 address(es) into 0.50398252 BTC (18,732 EUR).","FATF (2020) Red Flag Indicators of ML/TF - Virtual Assets - transactions: patterns; EBA ML/TF Risk Factors Guidelines (EBA/GL/2021/02 as amended by EBA/GL/2024/01), Guideline 21 (CASPs)"
20261009T222824Z-B00230,733459,2022-04-25T08:27:06+00:00,R16_CONSOLIDATION,Consolidation of many small inputs,low,ed6a126438a75ecb7a27e65ea78198e3f3a83e14c7db5d3afb9e934e1ff72ff4,<address redacted>;<address redacted>;<address redacted>;<address redacted>;<address redacted>;<address redacted>;<address redacted>;<address redacted>;<address redacted>;<address redacted>;(+17 more),27,1.94680001,72359.64,"Merges 20 inputs of at most 0.01 BTC from 27 address(es) into 1.94680001 BTC (72,360 EUR).","FATF (2020) Red Flag Indicators of ML/TF - Virtual Assets - transactions: patterns; EBA ML/TF Risk Factors Guidelines (EBA/GL/2021/02 as amended by EBA/GL/2024/01), Guideline 21 (CASPs)"
20261009T222824Z-B00231,733459,2022-04-25T08:27:06+00:00,R16_CONSOLIDATION,Consolidation of many small inputs,low,fb51ee9af502284354566b4ea47b162b2a644e35b832b07521f22eceec5ffcd9,<address redacted>;<address redacted>;<address redacted>;<address redacted>;<address redacted>;<address redacted>;<address redacted>;<address redacted>;<address redacted>;<address redacted>;(+21 more),31,1.91275587,71094.27,"Merges 23 inputs of at most 0.01 BTC from 31 address(es) into 1.91275587 BTC (71,094 EUR).","FATF (2020) Red Flag Indicators of ML/TF - Virtual Assets - transactions: patterns; EBA ML/TF Risk Factors Guidelines (EBA/GL/2021/02 as amended by EBA/GL/2024/01), Guideline 21 (CASPs)"
20261009T222824Z-B00232,733459,2022-04-25T08:27:06+00:00,R16_CONSOLIDATION,Consolidation of many small inputs,low,fd9df1110a250d94a5499632f0b6e5ec9102fe6776b03e702bb1018b9ed6f4f3,<address redacted>;<address redacted>;<address redacted>;<address redacted>;<address redacted>;<address redacted>;<address redacted>;<address redacted>;<address redacted>;<address redacted>;(+21 more),31,0.41063562,15262.71,"Merges 26 inputs of at most 0.01 BTC from 31 address(es) into 0.41063562 BTC (15,263 EUR).","FATF (2020) Red Flag Indicators of ML/TF - Virtual Assets - transactions: patterns; EBA ML/TF Risk Factors Guidelines (EBA/GL/2021/02 as amended by EBA/GL/2024/01), Guideline 21 (CASPs)"
20261009T222824Z-B00233,733459,2022-04-25T08:27:06+00:00,R14_LARGE_TRANSACTION,Large single transaction,medium,11e8a0f3a06342dc71f3167fd767d303871ce6643a733b63e2fdb952983b73c2,<address redacted>;<address redacted>;<address redacted>;<address redacted>;<address redacted>;<address redacted>;<address redacted>;<address redacted>;<address redacted>;<address redacted>;(+16 more),26,5.68305513,211230.63,"Transfers 5.68305513 BTC (211,231 EUR); EUR threshold 100,000.","FATF (2020) Red Flag Indicators of ML/TF - Virtual Assets - transactions: size and frequency; EBA ML/TF Risk Factors Guidelines (EBA/GL/2021/02 as amended by EBA/GL/2024/01), Guideline 21 (CASPs)"
20261009T222824Z-B00234,733459,2022-04-25T08:27:06+00:00,R16_CONSOLIDATION,Consolidation of many small inputs,low,11e8a0f3a06342dc71f3167fd767d303871ce6643a733b63e2fdb952983b73c2,<address redacted>;<address redacted>;<address redacted>;<address redacted>;<address redacted>;<address redacted>;<address redacted>;<address redacted>;<address redacted>;<address redacted>;(+16 more),26,5.68305513,211230.63,"Merges 21 inputs of at most 0.01 BTC from 26 address(es) into 5.68305513 BTC (211,231 EUR).","FATF (2020) Red Flag Indicators of ML/TF - Virtual Assets - transactions: patterns; EBA ML/TF Risk Factors Guidelines (EBA/GL/2021/02 as amended by EBA/GL/2024/01), Guideline 21 (CASPs)"
20261009T222824Z-B00235,733459,2022-04-25T08:27:06+00:00,R16_CONSOLIDATION,Consolidation of many small inputs,low,ed4b8b434e1a03c5cba5316e87492b740e171f09cf14b50a20ba2af4c16b6b51,<address redacted>;<address redacted>;<address redacted>;<address redacted>;<address redacted>;<address redacted>;<address redacted>;<address redacted>;<address redacted>;<address redacted>;(+30 more),40,0.56918800,21155.86,"Merges 30 inputs of at most 0.01 BTC from 40 address(es) into 0.56918800 BTC (21,156 EUR).","FATF (2020) Red Flag Indicators of ML/TF - Virtual Assets - transactions: patterns; EBA ML/TF Risk Factors Guidelines (EBA/GL/2021/02 as amended by EBA/GL/2024/01), Guideline 21 (CASPs)"
20261009T222824Z-B00236,733459,2022-04-25T08:27:06+00:00,R16_CONSOLIDATION,Consolidation of many small inputs,low,5b576fad4c739c5a439d91921dc878d142c264c8321212587cc6371362457b75,<address redacted>;<address redacted>;<address redacted>;<address redacted>;<address redacted>;<address redacted>;<address redacted>;<address redacted>;<address redacted>;<address redacted>;(+30 more),40,0.83527461,31045.90,"Merges 30 inputs of at most 0.01 BTC from 40 address(es) into 0.83527461 BTC (31,046 EUR).","FATF (2020) Red Flag Indicators of ML/TF - Virtual Assets - transactions: patterns; EBA ML/TF Risk Factors Guidelines (EBA/GL/2021/02 as amended by EBA/GL/2024/01), Guideline 21 (CASPs)"
20261009T222824Z-B00237,733459,2022-04-25T08:27:06+00:00,R14_LARGE_TRANSACTION,Large single transaction,medium,9c75153f79f045a748017bdd603dc3e771da13054373e3f73730d000356773e5,<address redacted>;<address redacted>;<address redacted>;<address redacted>;<address redacted>;<address redacted>;<address redacted>;<address redacted>;<address redacted>;<address redacted>;(+22 more),32,3.36237579,124974.46,"Transfers 3.36237579 BTC (124,974 EUR); EUR threshold 100,000.","FATF (2020) Red Flag Indicators of ML/TF - Virtual Assets - transactions: size and frequency; EBA ML/TF Risk Factors Guidelines (EBA/GL/2021/02 as amended by EBA/GL/2024/01), Guideline 21 (CASPs)"
20261009T222824Z-B00238,733459,2022-04-25T08:27:06+00:00,R16_CONSOLIDATION,Consolidation of many small inputs,low,9c75153f79f045a748017bdd603dc3e771da13054373e3f73730d000356773e5,<address redacted>;<address redacted>;<address redacted>;<address redacted>;<address redacted>;<address redacted>;<address redacted>;<address redacted>;<address redacted>;<address redacted>;(+22 more),32,3.36237579,124974.46,"Merges 26 inputs of at most 0.01 BTC from 32 address(es) into 3.36237579 BTC (124,974 EUR).","FATF (2020) Red Flag Indicators of ML/TF - Virtual Assets - transactions: patterns; EBA ML/TF Risk Factors Guidelines (EBA/GL/2021/02 as amended by EBA/GL/2024/01), Guideline 21 (CASPs)"
20261009T222824Z-B00239,733459,2022-04-25T08:27:06+00:00,R14_LARGE_TRANSACTION,Large single transaction,medium,9c400d5f019683a4cdc26270c39760d0573c5c87290ce716b32251ea064bbaa7,<address redacted>;<address redacted>;<address redacted>;<address redacted>;<address redacted>;<address redacted>;<address redacted>;<address redacted>;<address redacted>;<address redacted>;(+39 more),49,5.58668868,207648.84,"Transfers 5.58668868 BTC (207,649 EUR); EUR threshold 100,000.","FATF (2020) Red Flag Indicators of ML/TF - Virtual Assets - transactions: size and frequency; EBA ML/TF Risk Factors Guidelines (EBA/GL/2021/02 as amended by EBA/GL/2024/01), Guideline 21 (CASPs)"
20261009T222824Z-B00240,733459,2022-04-25T08:27:06+00:00,R16_CONSOLIDATION,Consolidation of many small inputs,low,9c400d5f019683a4cdc26270c39760d0573c5c87290ce716b32251ea064bbaa7,<address redacted>;<address redacted>;<address redacted>;<address redacted>;<address redacted>;<address redacted>;<address redacted>;<address redacted>;<address redacted>;<address redacted>;(+39 more),49,5.58668868,207648.84,"Merges 37 inputs of at most 0.01 BTC from 49 address(es) into 5.58668868 BTC (207,649 EUR).","FATF (2020) Red Flag Indicators of ML/TF - Virtual Assets - transactions: patterns; EBA ML/TF Risk Factors Guidelines (EBA/GL/2021/02 as amended by EBA/GL/2024/01), Guideline 21 (CASPs)"
20261009T222824Z-B00241,733459,2022-04-25T08:27:06+00:00,R16_CONSOLIDATION,Consolidation of many small inputs,low,4fbec2832485b6d82b74d77a195494d98562539b63f2574f9acbb104693d3260,<address redacted>;<address redacted>;<address redacted>;<address redacted>;<address redacted>;<address redacted>;<address redacted>;<address redacted>;<address redacted>;<address redacted>;(+20 more),30,2.05500624,76381.50,"Merges 25 inputs of at most 0.01 BTC from 30 address(es) into 2.05500624 BTC (76,381 EUR).","FATF (2020) Red Flag Indicators of ML/TF - Virtual Assets - transactions: patterns; EBA ML/TF Risk Factors Guidelines (EBA/GL/2021/02 as amended by EBA/GL/2024/01), Guideline 21 (CASPs)"
20261009T222824Z-B00242,733459,2022-04-25T08:27:06+00:00,R16_CONSOLIDATION,Consolidation of many small inputs,low,f1b76b18058ac2c6792fb7ca1de3c9d471717d21f6776848ed7292e5ebf6b26d,<address redacted>;<address redacted>;<address redacted>;<address redacted>;<address redacted>;<address redacted>;<address redacted>;<address redacted>;<address redacted>;<address redacted>;(+32 more),42,0.45389914,16870.75,"Merges 34 inputs of at most 0.01 BTC from 42 address(es) into 0.45389914 BTC (16,871 EUR).","FATF (2020) Red Flag Indicators of ML/TF - Virtual Assets - transactions: patterns; EBA ML/TF Risk Factors Guidelines (EBA/GL/2021/02 as amended by EBA/GL/2024/01), Guideline 21 (CASPs)"
20261009T222824Z-B00243,733459,2022-04-25T08:27:06+00:00,R14_LARGE_TRANSACTION,Large single transaction,medium,3104e6b72d5015792e9972226116880a6189e14f4a5b351cea3cf9c1f6252e1c,<address redacted>;<address redacted>;<address redacted>;<address redacted>;<address redacted>;<address redacted>;<address redacted>;<address redacted>;<address redacted>;<address redacted>;(+24 more),34,25.31512568,940925.25,"Transfers 25.31512568 BTC (940,925 EUR); EUR threshold 100,000.","FATF (2020) Red Flag Indicators of ML/TF - Virtual Assets - transactions: size and frequency; EBA ML/TF Risk Factors Guidelines (EBA/GL/2021/02 as amended by EBA/GL/2024/01), Guideline 21 (CASPs)"
20261009T222824Z-B00244,733459,2022-04-25T08:27:06+00:00,R16_CONSOLIDATION,Consolidation of many small inputs,low,3104e6b72d5015792e9972226116880a6189e14f4a5b351cea3cf9c1f6252e1c,<address redacted>;<address redacted>;<address redacted>;<address redacted>;<address redacted>;<address redacted>;<address redacted>;<address redacted>;<address redacted>;<address redacted>;(+24 more),34,25.31512568,940925.25,"Merges 27 inputs of at most 0.01 BTC from 34 address(es) into 25.31512568 BTC (940,925 EUR).","FATF (2020) Red Flag Indicators of ML/TF - Virtual Assets - transactions: patterns; EBA ML/TF Risk Factors Guidelines (EBA/GL/2021/02 as amended by EBA/GL/2024/01), Guideline 21 (CASPs)"
20261009T222824Z-B00245,733459,2022-04-25T08:27:06+00:00,R16_CONSOLIDATION,Consolidation of many small inputs,low,2acd35b0cb1e9cf0193848a5e9db011af7cd88a09c683fc025deab5f2543cc9a,<address redacted>;<address redacted>;<address redacted>;<address redacted>;<address redacted>;<address redacted>;<address redacted>;<address redacted>;<address redacted>;<address redacted>;(+23 more),33,0.63675931,23667.39,"Merges 22 inputs of at most 0.01 BTC from 33 address(es) into 0.63675931 BTC (23,667 EUR).","FATF (2020) Red Flag Indicators of ML/TF - Virtual Assets - transactions: patterns; EBA ML/TF Risk Factors Guidelines (EBA/GL/2021/02 as amended by EBA/GL/2024/01), Guideline 21 (CASPs)"
20261009T222824Z-B00246,733459,2022-04-25T08:27:06+00:00,R16_CONSOLIDATION,Consolidation of many small inputs,low,acdd7e2b2c690829200891b3e4216b748dbffd60307bae9bca2816757cda17b3,<address redacted>;<address redacted>;<address redacted>;<address redacted>;<address redacted>;<address redacted>;<address redacted>;<address redacted>;<address redacted>;<address redacted>;(+24 more),34,0.42426800,15769.41,"Merges 28 inputs of at most 0.01 BTC from 34 address(es) into 0.42426800 BTC (15,769 EUR).","FATF (2020) Red Flag Indicators of ML/TF - Virtual Assets - transactions: patterns; EBA ML/TF Risk Factors Guidelines (EBA/GL/2021/02 as amended by EBA/GL/2024/01), Guideline 21 (CASPs)"
20261009T222824Z-B00247,733459,2022-04-25T08:27:06+00:00,R16_CONSOLIDATION,Consolidation of many small inputs,low,59546a9c261a642735c8c675c33aee8dd150d04f52bf1d96e476c027b0085dda,<address redacted>;<address redacted>;<address redacted>;<address redacted>;<address redacted>;<address redacted>;<address redacted>;<address redacted>;<address redacted>;<address redacted>;(+19 more),29,0.40556771,15074.34,"Merges 21 inputs of at most 0.01 BTC from 29 address(es) into 0.40556771 BTC (15,074 EUR).","FATF (2020) Red Flag Indicators of ML/TF - Virtual Assets - transactions: patterns; EBA ML/TF Risk Factors Guidelines (EBA/GL/2021/02 as amended by EBA/GL/2024/01), Guideline 21 (CASPs)"
20261009T222824Z-B00248,733459,2022-04-25T08:27:06+00:00,R16_CONSOLIDATION,Consolidation of many small inputs,low,86adb85b40ae02c7ed975e4471729ae5011ddcdb13dbe899ac3a54557bc7a0ee,<address redacted>;<address redacted>;<address redacted>;<address redacted>;<address redacted>;<address redacted>;<address redacted>;<address redacted>;<address redacted>;<address redacted>;(+18 more),28,0.47085896,17501.12,"Merges 23 inputs of at most 0.01 BTC from 28 address(es) into 0.47085896 BTC (17,501 EUR).","FATF (2020) Red Flag Indicators of ML/TF - Virtual Assets - transactions: patterns; EBA ML/TF Risk Factors Guidelines (EBA/GL/2021/02 as amended by EBA/GL/2024/01), Guideline 21 (CASPs)"
20261009T222824Z-B00249,733459,2022-04-25T08:27:06+00:00,R14_LARGE_TRANSACTION,Large single transaction,medium,510b3812668a6f3ff34f1c5b44f0bc039a2bfbdf09e093997d74ba6f54c0dabb,<address redacted>;<address redacted>;<address redacted>;<address redacted>;<address redacted>;<address redacted>;<address redacted>;<address redacted>;<address redacted>;<address redacted>;(+28 more),38,3.46127422,128650.37,"Transfers 3.46127422 BTC (128,650 EUR); EUR threshold 100,000.","FATF (2020) Red Flag Indicators of ML/TF - Virtual Assets - transactions: size and frequency; EBA ML/TF Risk Factors Guidelines (EBA/GL/2021/02 as amended by EBA/GL/2024/01), Guideline 21 (CASPs)"
20261009T222824Z-B00250,733459,2022-04-25T08:27:06+00:00,R16_CONSOLIDATION,Consolidation of many small inputs,low,510b3812668a6f3ff34f1c5b44f0bc039a2bfbdf09e093997d74ba6f54c0dabb,<address redacted>;<address redacted>;<address redacted>;<address redacted>;<address redacted>;<address redacted>;<address redacted>;<address redacted>;<address redacted>;<address redacted>;(+28 more),38,3.46127422,128650.37,"Merges 26 inputs of at most 0.01 BTC from 38 address(es) into 3.46127422 BTC (128,650 EUR).","FATF (2020) Red Flag Indicators of ML/TF - Virtual Assets - transactions: patterns; EBA ML/TF Risk Factors Guidelines (EBA/GL/2021/02 as amended by EBA/GL/2024/01), Guideline 21 (CASPs)"
20261009T222824Z-B00251,733459,2022-04-25T08:27:06+00:00,R14_LARGE_TRANSACTION,Large single transaction,medium,275bbf55c368e24f4e7d38893d17e9564a72d2dd0d89838a1c3824bf9f4a4936,<address redacted>;<address redacted>;<address redacted>;<address redacted>;<address redacted>;<address redacted>;<address redacted>;<address redacted>;<address redacted>;<address redacted>;(+32 more),42,2.96271290,110119.59,"Transfers 2.96271290 BTC (110,120 EUR); EUR threshold 100,000.","FATF (2020) Red Flag Indicators of ML/TF - Virtual Assets - transactions: size and frequency; EBA ML/TF Risk Factors Guidelines (EBA/GL/2021/02 as amended by EBA/GL/2024/01), Guideline 21 (CASPs)"
20261009T222824Z-B00252,733459,2022-04-25T08:27:06+00:00,R16_CONSOLIDATION,Consolidation of many small inputs,low,275bbf55c368e24f4e7d38893d17e9564a72d2dd0d89838a1c3824bf9f4a4936,<address redacted>;<address redacted>;<address redacted>;<address redacted>;<address redacted>;<address redacted>;<address redacted>;<address redacted>;<address redacted>;<address redacted>;(+32 more),42,2.96271290,110119.59,"Merges 40 inputs of at most 0.01 BTC from 42 address(es) into 2.96271290 BTC (110,120 EUR).","FATF (2020) Red Flag Indicators of ML/TF - Virtual Assets - transactions: patterns; EBA ML/TF Risk Factors Guidelines (EBA/GL/2021/02 as amended by EBA/GL/2024/01), Guideline 21 (CASPs)"
20261009T222824Z-B00253,733459,2022-04-25T08:27:06+00:00,R16_CONSOLIDATION,Consolidation of many small inputs,low,d200460b2825f71c90abdf6a91eca9bdcd7f153de79789704754c4bf86946824,<address redacted>;<address redacted>;<address redacted>;<address redacted>;<address redacted>;<address redacted>;<address redacted>;<address redacted>;<address redacted>;<address redacted>;(+32 more),42,0.70300970,26129.82,"Merges 37 inputs of at most 0.01 BTC from 42 address(es) into 0.70300970 BTC (26,130 EUR).","FATF (2020) Red Flag Indicators of ML/TF - Virtual Assets - transactions: patterns; EBA ML/TF Risk Factors Guidelines (EBA/GL/2021/02 as amended by EBA/GL/2024/01), Guideline 21 (CASPs)"
20261009T222824Z-B00254,733459,2022-04-25T08:27:06+00:00,R16_CONSOLIDATION,Consolidation of many small inputs,low,3f4816f1b6d7979c3133a427ba8013e9ab006dfbc77f75275d934084ec370796,<address redacted>;<address redacted>;<address redacted>;<address redacted>;<address redacted>;<address redacted>;<address redacted>;<address redacted>;<address redacted>;<address redacted>;(+32 more),42,0.48687444,18096.39,"Merges 29 inputs of at most 0.01 BTC from 42 address(es) into 0.48687444 BTC (18,096 EUR).","FATF (2020) Red Flag Indicators of ML/TF - Virtual Assets - transactions: patterns; EBA ML/TF Risk Factors Guidelines (EBA/GL/2021/02 as amended by EBA/GL/2024/01), Guideline 21 (CASPs)"
20261009T222824Z-B00255,733459,2022-04-25T08:27:06+00:00,R16_CONSOLIDATION,Consolidation of many small inputs,low,a5d3c72a5fb071752c909864d81b09e2734c9ef33dad2e1c47b844946c41e0c6,<address redacted>;<address redacted>;<address redacted>;<address redacted>;<address redacted>;<address redacted>;<address redacted>;<address redacted>;<address redacted>;<address redacted>;(+25 more),35,1.89178335,70314.75,"Merges 23 inputs of at most 0.01 BTC from 35 address(es) into 1.89178335 BTC (70,315 EUR).","FATF (2020) Red Flag Indicators of ML/TF - Virtual Assets - transactions: patterns; EBA ML/TF Risk Factors Guidelines (EBA/GL/2021/02 as amended by EBA/GL/2024/01), Guideline 21 (CASPs)"
20261009T222824Z-B00256,733459,2022-04-25T08:27:06+00:00,R16_CONSOLIDATION,Consolidation of many small inputs,low,651ec962f01c985e79942eea21bec688d287219bddfc394cc8ba3389f74845d9,<address redacted>;<address redacted>;<address redacted>;<address redacted>;<address redacted>;<address redacted>;<address redacted>;<address redacted>;<address redacted>;<address redacted>;(+27 more),37,2.12615959,79026.16,"Merges 24 inputs of at most 0.01 BTC from 37 address(es) into 2.12615959 BTC (79,026 EUR).","FATF (2020) Red Flag Indicators of ML/TF - Virtual Assets - transactions: patterns; EBA ML/TF Risk Factors Guidelines (EBA/GL/2021/02 as amended by EBA/GL/2024/01), Guideline 21 (CASPs)"
20261009T222824Z-B00257,733459,2022-04-25T08:27:06+00:00,R19_CO_SPENDING_FLAGGED,Co-spending with flagged address,high,c55c68ccfb1bd25e8bd0ad738b7c3bf259fb92e4bfc83714030a4a2a27de568c;89b0c25e65893312e9eb3f96e744e28e5b1cd8cb13981b63381a65b421cf3997;19ac6e052093fced622c54f94a5ca29cbb042ce12347bb121a4a477f31855730;fd46aaa0499ea3c9a1a048770cc65dc56080fc14f88a4a0aebe7986e2ddf7ecd;6feed4f1de470cf230f1629a52dd939fc82ab99dcd32999fd575072711a1a12a;ca0ed3a99f344cef1099ee3b7335b53cfa3d3a59a9b0da2101ee5c0a73c90c37;4e06d362648c31e3c2b67ddf19f65d64c9d5bbfce3a7bc7fffdf9b083a0ae965;07c6a7fe6df5edc851a2bf8d61c9d6f63c43f455c464463871868900f919ad4b;45b81ba07d020baf29720722a911e32b3d2992f5010e22ae78a3a23496f65d90;b2435793857e62c4486d99cb1c61d9fa753fb3997208a7a794e10997605dc158;23eab7dbdb4293e391a945b1db5955b06938dc946fed7727dbe07a6ff9ef89a5;ed6a126438a75ecb7a27e65ea78198e3f3a83e14c7db5d3afb9e934e1ff72ff4;acdd7e2b2c690829200891b3e4216b748dbffd60307bae9bca2816757cda17b3;ad33d24c310e41b259229011f38c7a515a1881dcbfdee3752cfcb93f5a3ff142;275bbf55c368e24f4e7d38893d17e9564a72d2dd0d89838a1c3824bf9f4a4936,<address redacted>;<address redacted>;<address redacted>;<address redacted>;<address redacted>;<address redacted>;<address redacted>;<address redacted>;<address redacted>;<address redacted>;(+405 more),415,17.56991911,653047.54,"415 address(es) are clustered with 12aNKp2iDKuhEde2YfPdd4DFGenRUTKupL ([OFAC SDN] sanctioned: Behzad MESRI (SDN uid 24003; programs: CYBER2, HRIT-IR)) by the common-input-ownership and change heuristics in this block: probably the same wallet. Value they spent: 17.56991911 BTC (653,048 EUR). Cluster larger than 50 addresses: typical of a custodial service sweeping customer deposits, in which case the flagged address is a customer deposit and the service is the counterparty to contact.","OFAC SDN list; FATF Recommendation 6 (targeted financial sanctions); FATF (2020) Red Flag Indicators of ML/TF - Virtual Assets - source of funds or wealth; EBA ML/TF Risk Factors Guidelines (EBA/GL/2021/02 as amended by EBA/GL/2024/01), Guideline 21 (CASPs)"
20261009T222824Z-B00258,733459,2022-04-25T08:27:06+00:00,R19_CO_SPENDING_FLAGGED,Co-spending with flagged address,high,f4ddb8e533f0c3db7ec5b2ed88a48474df00a566b420128e8ef65f372d2735ae;49ca08ded17e5f0d475b1e8b5d02c59a9973550a3018b136a8a2c6136d14b206;a42a799870539fe0e74dd60695902e5865abc772b3420bba4d258e254068605a,<address redacted>;<address redacted>;<address redacted>;<address redacted>;<address redacted>;<address redacted>;<address redacted>;<address redacted>;<address redacted>;<address redacted>;(+49 more),59,129.31162438,4806319.11,"59 address(es) are clustered with 3HqA7i3ttECLvgqvq69HNxxUP5BL7Z5YgA ([OFAC SDN] sanctioned: Alex Adrianus Martinus PEIJNENBURG (SDN uid 39585; programs: ILLICIT-DRUGS-EO14059)) by the common-input-ownership and change heuristics in this block: probably the same wallet. Value they spent: 129.31162438 BTC (4,806,319 EUR). Cluster larger than 50 addresses: typical of a custodial service sweeping customer deposits, in which case the flagged address is a customer deposit and the service is the counterparty to contact.","OFAC SDN list; FATF Recommendation 6 (targeted financial sanctions); FATF (2020) Red Flag Indicators of ML/TF - Virtual Assets - source of funds or wealth; EBA ML/TF Risk Factors Guidelines (EBA/GL/2021/02 as amended by EBA/GL/2024/01), Guideline 21 (CASPs)"
